{
    "rounds_count": 4,
    "info": {
        "round_delay": 3000.0,
        "organization_bet_percentage": 20,
        "round_counts": 3,
        "organization_fee_percentage": 15
    },
    "id": 71,
    "pot": {
        "winners": 38000.0,
        "loosers": 30000.0
    },
    "is_started": false,
    "ongoing_round": 4,
    "rounds": {
        "1": {
            "combats": {
                "1": {
                    "bets": {},
                    "fighters": {
                        "blue": {
                            "id": 1,
                            "reward": 34100.0,
                            "name": "Maximiliamus Goricchi 2",
                            "health": 200,
                            "identifier": "e93964c849811982bcdeaa79a9600682f0f9b49d"
                        },
                        "red": {
                            "id": 1,
                            "reward": 0,
                            "name": "Maximiliamus Goricchi 1",
                            "health": 0,
                            "identifier": "e93964c849811982bcdeaa79a9600682f0f9b49d"
                        }
                    },
                    "looser": {
                        "id": 1,
                        "reward": 0,
                        "name": "Maximiliamus Goricchi 1",
                        "health": 0,
                        "identifier": "e93964c849811982bcdeaa79a9600682f0f9b49d"
                    },
                    "winner": {
                        "id": 1,
                        "reward": 34100.0,
                        "name": "Maximiliamus Goricchi 2",
                        "health": 200,
                        "identifier": "e93964c849811982bcdeaa79a9600682f0f9b49d"
                    },
                    "rewards": {
                        "looser": 0,
                        "winner": 1250.0
                    },
                    "round": {
                        "number": 3,
                        "time": 0,
                        "is_started": false,
                        "rest": false
                    }
                },
                "2": {
                    "bets": {},
                    "fighters": {
                        "blue": {
                            "id": 1,
                            "reward": 1250.0,
                            "name": "Maximiliamus Goricchi 4",
                            "health": 200,
                            "identifier": "e93964c849811982bcdeaa79a9600682f0f9b49d"
                        },
                        "red": {
                            "id": 1,
                            "reward": 0,
                            "name": "Maximiliamus Goricchi 3",
                            "health": 0,
                            "identifier": "e93964c849811982bcdeaa79a9600682f0f9b49d"
                        }
                    },
                    "looser": {
                        "id": 1,
                        "reward": 0,
                        "name": "Maximiliamus Goricchi 3",
                        "health": 0,
                        "identifier": "e93964c849811982bcdeaa79a9600682f0f9b49d"
                    },
                    "winner": {
                        "id": 1,
                        "reward": 1250.0,
                        "name": "Maximiliamus Goricchi 4",
                        "health": 200,
                        "identifier": "e93964c849811982bcdeaa79a9600682f0f9b49d"
                    },
                    "rewards": {
                        "looser": 0,
                        "winner": 1250.0
                    },
                    "round": {
                        "number": 3,
                        "time": 0,
                        "is_started": false,
                        "rest": false
                    }
                },
                "3": {
                    "bets": {},
                    "fighters": {
                        "blue": {
                            "id": 1,
                            "reward": 5000.0,
                            "name": "Maximiliamus Goricchi 6",
                            "health": 200,
                            "identifier": "e93964c849811982bcdeaa79a9600682f0f9b49d"
                        },
                        "red": {
                            "id": 1,
                            "reward": 0,
                            "name": "Maximiliamus Goricchi 5",
                            "health": 0,
                            "identifier": "e93964c849811982bcdeaa79a9600682f0f9b49d"
                        }
                    },
                    "looser": {
                        "id": 1,
                        "reward": 0,
                        "name": "Maximiliamus Goricchi 5",
                        "health": 0,
                        "identifier": "e93964c849811982bcdeaa79a9600682f0f9b49d"
                    },
                    "winner": {
                        "id": 1,
                        "reward": 5000.0,
                        "name": "Maximiliamus Goricchi 6",
                        "health": 200,
                        "identifier": "e93964c849811982bcdeaa79a9600682f0f9b49d"
                    },
                    "rewards": {
                        "looser": 0,
                        "winner": 1250.0
                    },
                    "round": {
                        "number": 3,
                        "time": 0,
                        "is_started": false,
                        "rest": false
                    }
                },
                "4": {
                    "bets": {},
                    "fighters": {
                        "blue": {
                            "id": 1,
                            "reward": 1250.0,
                            "name": "Maximiliamus Goricchi 8",
                            "health": 200,
                            "identifier": "e93964c849811982bcdeaa79a9600682f0f9b49d"
                        },
                        "red": {
                            "id": 1,
                            "reward": 0,
                            "name": "Maximiliamus Goricchi 7",
                            "health": 0,
                            "identifier": "e93964c849811982bcdeaa79a9600682f0f9b49d"
                        }
                    },
                    "looser": {
                        "id": 1,
                        "reward": 0,
                        "name": "Maximiliamus Goricchi 7",
                        "health": 0,
                        "identifier": "e93964c849811982bcdeaa79a9600682f0f9b49d"
                    },
                    "winner": {
                        "id": 1,
                        "reward": 1250.0,
                        "name": "Maximiliamus Goricchi 8",
                        "health": 200,
                        "identifier": "e93964c849811982bcdeaa79a9600682f0f9b49d"
                    },
                    "rewards": {
                        "looser": 0,
                        "winner": 1250.0
                    },
                    "round": {
                        "number": 3,
                        "time": 0,
                        "is_started": false,
                        "rest": false
                    }
                },
                "5": {
                    "bets": {},
                    "fighters": {
                        "blue": {
                            "id": 1,
                            "reward": 18900.0,
                            "name": "Maximiliamus Goricchi 10",
                            "health": 200,
                            "identifier": "e93964c849811982bcdeaa79a9600682f0f9b49d"
                        },
                        "red": {
                            "id": 1,
                            "reward": 0,
                            "name": "Maximiliamus Goricchi 9",
                            "health": 0,
                            "identifier": "e93964c849811982bcdeaa79a9600682f0f9b49d"
                        }
                    },
                    "looser": {
                        "id": 1,
                        "reward": 0,
                        "name": "Maximiliamus Goricchi 9",
                        "health": 0,
                        "identifier": "e93964c849811982bcdeaa79a9600682f0f9b49d"
                    },
                    "winner": {
                        "id": 1,
                        "reward": 18900.0,
                        "name": "Maximiliamus Goricchi 10",
                        "health": 200,
                        "identifier": "e93964c849811982bcdeaa79a9600682f0f9b49d"
                    },
                    "rewards": {
                        "looser": 0,
                        "winner": 1250.0
                    },
                    "round": {
                        "number": 3,
                        "time": 0,
                        "is_started": false,
                        "rest": false
                    }
                },
                "6": {
                    "bets": {},
                    "fighters": {
                        "blue": {
                            "id": 1,
                            "reward": 1250.0,
                            "name": "Maximiliamus Goricchi 12",
                            "health": 200,
                            "identifier": "e93964c849811982bcdeaa79a9600682f0f9b49d"
                        },
                        "red": {
                            "id": 1,
                            "reward": 0,
                            "name": "Maximiliamus Goricchi 11",
                            "health": 0,
                            "identifier": "e93964c849811982bcdeaa79a9600682f0f9b49d"
                        }
                    },
                    "looser": {
                        "id": 1,
                        "reward": 0,
                        "name": "Maximiliamus Goricchi 11",
                        "health": 0,
                        "identifier": "e93964c849811982bcdeaa79a9600682f0f9b49d"
                    },
                    "winner": {
                        "id": 1,
                        "reward": 1250.0,
                        "name": "Maximiliamus Goricchi 12",
                        "health": 200,
                        "identifier": "e93964c849811982bcdeaa79a9600682f0f9b49d"
                    },
                    "rewards": {
                        "looser": 0,
                        "winner": 1250.0
                    },
                    "round": {
                        "number": 3,
                        "time": 0,
                        "is_started": false,
                        "rest": false
                    }
                },
                "7": {
                    "bets": {},
                    "fighters": {
                        "blue": {
                            "id": 1,
                            "reward": 5000.0,
                            "name": "Maximiliamus Goricchi 14",
                            "health": 200,
                            "identifier": "e93964c849811982bcdeaa79a9600682f0f9b49d"
                        },
                        "red": {
                            "id": 1,
                            "reward": 0,
                            "name": "Maximiliamus Goricchi 13",
                            "health": 0,
                            "identifier": "e93964c849811982bcdeaa79a9600682f0f9b49d"
                        }
                    },
                    "looser": {
                        "id": 1,
                        "reward": 0,
                        "name": "Maximiliamus Goricchi 13",
                        "health": 0,
                        "identifier": "e93964c849811982bcdeaa79a9600682f0f9b49d"
                    },
                    "winner": {
                        "id": 1,
                        "reward": 5000.0,
                        "name": "Maximiliamus Goricchi 14",
                        "health": 200,
                        "identifier": "e93964c849811982bcdeaa79a9600682f0f9b49d"
                    },
                    "rewards": {
                        "looser": 0,
                        "winner": 1250.0
                    },
                    "round": {
                        "number": 3,
                        "time": 0,
                        "is_started": false,
                        "rest": false
                    }
                },
                "8": {
                    "bets": {},
                    "fighters": {
                        "blue": {
                            "id": 1,
                            "reward": 1250.0,
                            "name": "Maximiliamus Goricchi 16",
                            "health": 200,
                            "identifier": "e93964c849811982bcdeaa79a9600682f0f9b49d"
                        },
                        "red": {
                            "id": 1,
                            "reward": 0,
                            "name": "Maximiliamus Goricchi 15",
                            "health": 0,
                            "identifier": "e93964c849811982bcdeaa79a9600682f0f9b49d"
                        }
                    },
                    "looser": {
                        "id": 1,
                        "reward": 0,
                        "name": "Maximiliamus Goricchi 15",
                        "health": 0,
                        "identifier": "e93964c849811982bcdeaa79a9600682f0f9b49d"
                    },
                    "winner": {
                        "id": 1,
                        "reward": 1250.0,
                        "name": "Maximiliamus Goricchi 16",
                        "health": 200,
                        "identifier": "e93964c849811982bcdeaa79a9600682f0f9b49d"
                    },
                    "rewards": {
                        "looser": 0,
                        "winner": 1250.0
                    },
                    "round": {
                        "number": 3,
                        "time": 0,
                        "is_started": false,
                        "rest": false
                    }
                }
            }
        },
        "2": {
            "combats": {
                "1": {
                    "bets": {},
                    "fighters": {
                        "blue": {
                            "id": 1,
                            "reward": 1250.0,
                            "name": "Maximiliamus Goricchi 4",
                            "health": 200,
                            "identifier": "e93964c849811982bcdeaa79a9600682f0f9b49d"
                        },
                        "red": {
                            "id": 1,
                            "reward": 34100.0,
                            "name": "Maximiliamus Goricchi 2",
                            "health": 200,
                            "identifier": "e93964c849811982bcdeaa79a9600682f0f9b49d"
                        }
                    },
                    "looser": {
                        "id": 1,
                        "reward": 1250.0,
                        "name": "Maximiliamus Goricchi 4",
                        "health": 200,
                        "identifier": "e93964c849811982bcdeaa79a9600682f0f9b49d"
                    },
                    "winner": {
                        "id": 1,
                        "reward": 34100.0,
                        "name": "Maximiliamus Goricchi 2",
                        "health": 200,
                        "identifier": "e93964c849811982bcdeaa79a9600682f0f9b49d"
                    },
                    "rewards": {
                        "looser": 0,
                        "winner": 1250.0
                    },
                    "round": {
                        "number": 3,
                        "time": 0,
                        "is_started": false,
                        "rest": false
                    }
                },
                "2": {
                    "bets": {},
                    "fighters": {
                        "blue": {
                            "id": 1,
                            "reward": 1250.0,
                            "name": "Maximiliamus Goricchi 8",
                            "health": 200,
                            "identifier": "e93964c849811982bcdeaa79a9600682f0f9b49d"
                        },
                        "red": {
                            "id": 1,
                            "reward": 5000.0,
                            "name": "Maximiliamus Goricchi 6",
                            "health": 200,
                            "identifier": "e93964c849811982bcdeaa79a9600682f0f9b49d"
                        }
                    },
                    "looser": {
                        "id": 1,
                        "reward": 1250.0,
                        "name": "Maximiliamus Goricchi 8",
                        "health": 200,
                        "identifier": "e93964c849811982bcdeaa79a9600682f0f9b49d"
                    },
                    "winner": {
                        "id": 1,
                        "reward": 5000.0,
                        "name": "Maximiliamus Goricchi 6",
                        "health": 200,
                        "identifier": "e93964c849811982bcdeaa79a9600682f0f9b49d"
                    },
                    "rewards": {
                        "looser": 0,
                        "winner": 1250.0
                    },
                    "round": {
                        "number": 3,
                        "time": 0,
                        "is_started": false,
                        "rest": false
                    }
                },
                "3": {
                    "bets": {},
                    "fighters": {
                        "blue": {
                            "id": 1,
                            "reward": 1250.0,
                            "name": "Maximiliamus Goricchi 12",
                            "health": 200,
                            "identifier": "e93964c849811982bcdeaa79a9600682f0f9b49d"
                        },
                        "red": {
                            "id": 1,
                            "reward": 18900.0,
                            "name": "Maximiliamus Goricchi 10",
                            "health": 200,
                            "identifier": "e93964c849811982bcdeaa79a9600682f0f9b49d"
                        }
                    },
                    "looser": {
                        "id": 1,
                        "reward": 1250.0,
                        "name": "Maximiliamus Goricchi 12",
                        "health": 200,
                        "identifier": "e93964c849811982bcdeaa79a9600682f0f9b49d"
                    },
                    "winner": {
                        "id": 1,
                        "reward": 18900.0,
                        "name": "Maximiliamus Goricchi 10",
                        "health": 200,
                        "identifier": "e93964c849811982bcdeaa79a9600682f0f9b49d"
                    },
                    "rewards": {
                        "looser": 0,
                        "winner": 1250.0
                    },
                    "round": {
                        "number": 3,
                        "time": 0,
                        "is_started": false,
                        "rest": false
                    }
                },
                "4": {
                    "bets": {},
                    "fighters": {
                        "blue": {
                            "id": 1,
                            "reward": 1250.0,
                            "name": "Maximiliamus Goricchi 16",
                            "health": 200,
                            "identifier": "e93964c849811982bcdeaa79a9600682f0f9b49d"
                        },
                        "red": {
                            "id": 1,
                            "reward": 5000.0,
                            "name": "Maximiliamus Goricchi 14",
                            "health": 200,
                            "identifier": "e93964c849811982bcdeaa79a9600682f0f9b49d"
                        }
                    },
                    "looser": {
                        "id": 1,
                        "reward": 1250.0,
                        "name": "Maximiliamus Goricchi 16",
                        "health": 200,
                        "identifier": "e93964c849811982bcdeaa79a9600682f0f9b49d"
                    },
                    "winner": {
                        "id": 1,
                        "reward": 5000.0,
                        "name": "Maximiliamus Goricchi 14",
                        "health": 200,
                        "identifier": "e93964c849811982bcdeaa79a9600682f0f9b49d"
                    },
                    "rewards": {
                        "looser": 0,
                        "winner": 1250.0
                    },
                    "round": {
                        "number": 3,
                        "time": 0,
                        "is_started": false,
                        "rest": false
                    }
                }
            }
        },
        "3": {
            "combats": {
                "1": {
                    "bets": {},
                    "fighters": {
                        "blue": {
                            "id": 1,
                            "reward": 5000.0,
                            "name": "Maximiliamus Goricchi 6",
                            "health": 200,
                            "identifier": "e93964c849811982bcdeaa79a9600682f0f9b49d"
                        },
                        "red": {
                            "id": 1,
                            "reward": 34100.0,
                            "name": "Maximiliamus Goricchi 2",
                            "health": 200,
                            "identifier": "e93964c849811982bcdeaa79a9600682f0f9b49d"
                        }
                    },
                    "looser": {
                        "id": 1,
                        "reward": 5000.0,
                        "name": "Maximiliamus Goricchi 6",
                        "health": 200,
                        "identifier": "e93964c849811982bcdeaa79a9600682f0f9b49d"
                    },
                    "winner": {
                        "id": 1,
                        "reward": 34100.0,
                        "name": "Maximiliamus Goricchi 2",
                        "health": 200,
                        "identifier": "e93964c849811982bcdeaa79a9600682f0f9b49d"
                    },
                    "rewards": {
                        "looser": 2500.0,
                        "winner": 5000
                    },
                    "round": {
                        "number": 3,
                        "time": 0,
                        "is_started": false,
                        "rest": false
                    }
                },
                "2": {
                    "bets": {},
                    "fighters": {
                        "blue": {
                            "id": 1,
                            "reward": 5000.0,
                            "name": "Maximiliamus Goricchi 14",
                            "health": 200,
                            "identifier": "e93964c849811982bcdeaa79a9600682f0f9b49d"
                        },
                        "red": {
                            "id": 1,
                            "reward": 18900.0,
                            "name": "Maximiliamus Goricchi 10",
                            "health": 200,
                            "identifier": "e93964c849811982bcdeaa79a9600682f0f9b49d"
                        }
                    },
                    "looser": {
                        "id": 1,
                        "reward": 5000.0,
                        "name": "Maximiliamus Goricchi 14",
                        "health": 200,
                        "identifier": "e93964c849811982bcdeaa79a9600682f0f9b49d"
                    },
                    "winner": {
                        "id": 1,
                        "reward": 18900.0,
                        "name": "Maximiliamus Goricchi 10",
                        "health": 200,
                        "identifier": "e93964c849811982bcdeaa79a9600682f0f9b49d"
                    },
                    "rewards": {
                        "looser": 2500.0,
                        "winner": 5000
                    },
                    "round": {
                        "number": 3,
                        "time": 0,
                        "is_started": false,
                        "rest": false
                    }
                }
            }
        },
        "4": {
            "combats": {
                "1": {
                    "bets": {},
                    "fighters": {
                        "blue": {
                            "id": 1,
                            "reward": 18900.0,
                            "name": "Maximiliamus Goricchi 10",
                            "health": 200,
                            "identifier": "e93964c849811982bcdeaa79a9600682f0f9b49d"
                        },
                        "red": {
                            "id": 1,
                            "reward": 34100.0,
                            "name": "Maximiliamus Goricchi 2",
                            "health": 200,
                            "identifier": "e93964c849811982bcdeaa79a9600682f0f9b49d"
                        }
                    },
                    "looser": {
                        "id": 1,
                        "reward": 18900.0,
                        "name": "Maximiliamus Goricchi 10",
                        "health": 200,
                        "identifier": "e93964c849811982bcdeaa79a9600682f0f9b49d"
                    },
                    "winner": {
                        "id": 1,
                        "reward": 34100.0,
                        "name": "Maximiliamus Goricchi 2",
                        "health": 200,
                        "identifier": "e93964c849811982bcdeaa79a9600682f0f9b49d"
                    },
                    "rewards": {
                        "looser": 11400.0,
                        "winner": 26600.0
                    },
                    "round": {
                        "number": 3,
                        "time": 0,
                        "is_started": false,
                        "rest": false
                    }
                }
            }
        }
    },
    "ongoing_combat": 1,
    "ongoing": {
        "bets": {},
        "fighters": {
            "blue": {
                "id": 1,
                "reward": 18900.0,
                "name": "Maximiliamus Goricchi 10",
                "health": 200,
                "identifier": "e93964c849811982bcdeaa79a9600682f0f9b49d"
            },
            "red": {
                "id": 1,
                "reward": 34100.0,
                "name": "Maximiliamus Goricchi 2",
                "health": 200,
                "identifier": "e93964c849811982bcdeaa79a9600682f0f9b49d"
            }
        },
        "looser": {
            "id": 1,
            "reward": 18900.0,
            "name": "Maximiliamus Goricchi 10",
            "health": 200,
            "identifier": "e93964c849811982bcdeaa79a9600682f0f9b49d"
        },
        "winner": {
            "id": 1,
            "reward": 34100.0,
            "name": "Maximiliamus Goricchi 2",
            "health": 200,
            "identifier": "e93964c849811982bcdeaa79a9600682f0f9b49d"
        },
        "rewards": {
            "looser": 11400.0,
            "winner": 26600.0
        },
        "round": {
            "number": 3,
            "time": 0,
            "is_started": false,
            "rest": false
        }
    },
    "bookmaker": {
        "delay": 3000.0,
        "is_started": false,
        "time_remaining": 956.0
    },
    "active_fighters": {
        "1": {
            "id": 1,
            "reward": 34100.0,
            "name": "Maximiliamus Goricchi 2",
            "health": 200,
            "identifier": "e93964c849811982bcdeaa79a9600682f0f9b49d"
        }
    },
    "registration": {
        "registered_count": 16,
        "registered": {
            "1": {
                "id": 1,
                "reward": 0,
                "name": "Maximiliamus Goricchi 1",
                "health": 0,
                "identifier": "e93964c849811982bcdeaa79a9600682f0f9b49d"
            },
            "2": {
                "id": 1,
                "reward": 34100.0,
                "name": "Maximiliamus Goricchi 2",
                "health": 200,
                "identifier": "e93964c849811982bcdeaa79a9600682f0f9b49d"
            },
            "3": {
                "id": 1,
                "reward": 0,
                "name": "Maximiliamus Goricchi 3",
                "health": 0,
                "identifier": "e93964c849811982bcdeaa79a9600682f0f9b49d"
            },
            "4": {
                "id": 1,
                "reward": 1250.0,
                "name": "Maximiliamus Goricchi 4",
                "health": 200,
                "identifier": "e93964c849811982bcdeaa79a9600682f0f9b49d"
            },
            "5": {
                "id": 1,
                "reward": 0,
                "name": "Maximiliamus Goricchi 5",
                "health": 0,
                "identifier": "e93964c849811982bcdeaa79a9600682f0f9b49d"
            },
            "6": {
                "id": 1,
                "reward": 5000.0,
                "name": "Maximiliamus Goricchi 6",
                "health": 200,
                "identifier": "e93964c849811982bcdeaa79a9600682f0f9b49d"
            },
            "7": {
                "id": 1,
                "reward": 0,
                "name": "Maximiliamus Goricchi 7",
                "health": 0,
                "identifier": "e93964c849811982bcdeaa79a9600682f0f9b49d"
            },
            "8": {
                "id": 1,
                "reward": 1250.0,
                "name": "Maximiliamus Goricchi 8",
                "health": 200,
                "identifier": "e93964c849811982bcdeaa79a9600682f0f9b49d"
            },
            "9": {
                "id": 1,
                "reward": 0,
                "name": "Maximiliamus Goricchi 9",
                "health": 0,
                "identifier": "e93964c849811982bcdeaa79a9600682f0f9b49d"
            },
            "10": {
                "id": 1,
                "reward": 18900.0,
                "name": "Maximiliamus Goricchi 10",
                "health": 200,
                "identifier": "e93964c849811982bcdeaa79a9600682f0f9b49d"
            },
            "11": {
                "id": 1,
                "reward": 0,
                "name": "Maximiliamus Goricchi 11",
                "health": 0,
                "identifier": "e93964c849811982bcdeaa79a9600682f0f9b49d"
            },
            "12": {
                "id": 1,
                "reward": 1250.0,
                "name": "Maximiliamus Goricchi 12",
                "health": 200,
                "identifier": "e93964c849811982bcdeaa79a9600682f0f9b49d"
            },
            "13": {
                "id": 1,
                "reward": 0,
                "name": "Maximiliamus Goricchi 13",
                "health": 0,
                "identifier": "e93964c849811982bcdeaa79a9600682f0f9b49d"
            },
            "14": {
                "id": 1,
                "reward": 5000.0,
                "name": "Maximiliamus Goricchi 14",
                "health": 200,
                "identifier": "e93964c849811982bcdeaa79a9600682f0f9b49d"
            },
            "15": {
                "id": 1,
                "reward": 0,
                "name": "Maximiliamus Goricchi 15",
                "health": 0,
                "identifier": "e93964c849811982bcdeaa79a9600682f0f9b49d"
            },
            "16": {
                "id": 1,
                "reward": 1250.0,
                "name": "Maximiliamus Goricchi 16",
                "health": 200,
                "identifier": "e93964c849811982bcdeaa79a9600682f0f9b49d"
            }
        },
        "fee": 5000,
        "time_remaining": 822.0,
        "delay": 6000.0,
        "is_started": false
    },
    "fighter_count": 16,
    "active_fighters_count": 1
}