{
    "ongoing_round": 1,
    "id": 68,
    "rounds_count": 1,
    "is_started": false,
    "active_fighters_count": 1,
    "ongoing_combat": 1,
    "fighter_count": 2,
    "registration": {
        "time_remaining": 842.0,
        "fee": 5000,
        "delay": 6000.0,
        "is_started": false,
        "registered": {
            "1": {
                "id": 1,
                "reward": 0,
                "name": "Maximiliamus Goricchi 1",
                "identifier": "e93964c849811982bcdeaa79a9600682f0f9b49d",
                "health": 0
            },
            "2": {
                "id": 1,
                "reward": 8500.0,
                "name": "Maximiliamus Goricchi 2",
                "identifier": "e93964c849811982bcdeaa79a9600682f0f9b49d",
                "health": 200
            }
        },
        "registered_count": 2
    },
    "pot": {
        "winners": 8500.0,
        "loosers": 0
    },
    "bookmaker": {
        "delay": 3000.0,
        "is_started": false,
        "time_remaining": 958.0
    },
    "rounds": {
        "1": {
            "combats": {
                "1": {
                    "winner": {
                        "id": 1,
                        "reward": 8500.0,
                        "name": "Maximiliamus Goricchi 2",
                        "identifier": "e93964c849811982bcdeaa79a9600682f0f9b49d",
                        "health": 200
                    },
                    "fighters": {
                        "blue": {
                            "id": 1,
                            "reward": 8500.0,
                            "name": "Maximiliamus Goricchi 2",
                            "identifier": "e93964c849811982bcdeaa79a9600682f0f9b49d",
                            "health": 200
                        },
                        "red": {
                            "id": 1,
                            "reward": 0,
                            "name": "Maximiliamus Goricchi 1",
                            "identifier": "e93964c849811982bcdeaa79a9600682f0f9b49d",
                            "health": 0
                        }
                    },
                    "rewards": {
                        "winner": 8500.0,
                        "looser": 0
                    },
                    "looser": {
                        "id": 1,
                        "reward": 0,
                        "name": "Maximiliamus Goricchi 1",
                        "identifier": "e93964c849811982bcdeaa79a9600682f0f9b49d",
                        "health": 0
                    },
                    "round": {
                        "rest": false,
                        "is_started": false,
                        "time": 0,
                        "number": 3
                    },
                    "bets": {}
                }
            }
        }
    },
    "ongoing": {
        "winner": {
            "id": 1,
            "reward": 8500.0,
            "name": "Maximiliamus Goricchi 2",
            "identifier": "e93964c849811982bcdeaa79a9600682f0f9b49d",
            "health": 200
        },
        "fighters": {
            "blue": {
                "id": 1,
                "reward": 8500.0,
                "name": "Maximiliamus Goricchi 2",
                "identifier": "e93964c849811982bcdeaa79a9600682f0f9b49d",
                "health": 200
            },
            "red": {
                "id": 1,
                "reward": 0,
                "name": "Maximiliamus Goricchi 1",
                "identifier": "e93964c849811982bcdeaa79a9600682f0f9b49d",
                "health": 0
            }
        },
        "rewards": {
            "winner": 8500.0,
            "looser": 0
        },
        "looser": {
            "id": 1,
            "reward": 0,
            "name": "Maximiliamus Goricchi 1",
            "identifier": "e93964c849811982bcdeaa79a9600682f0f9b49d",
            "health": 0
        },
        "round": {
            "rest": false,
            "is_started": false,
            "time": 0,
            "number": 3
        },
        "bets": {}
    },
    "active_fighters": {
        "1": {
            "id": 1,
            "reward": 8500.0,
            "name": "Maximiliamus Goricchi 2",
            "identifier": "e93964c849811982bcdeaa79a9600682f0f9b49d",
            "health": 200
        }
    },
    "info": {
        "round_delay": 3000.0,
        "organization_fee_percentage": 15,
        "organization_bet_percentage": 20,
        "round_counts": 3
    }
}