{
    "pot": {
        "loosers": 90000.0,
        "winners": 46000.0
    },
    "bookmaker": {
        "is_started": false,
        "time_remaining": 958.0,
        "delay": 3000.0
    },
    "registration": {
        "registered_count": 32,
        "time_remaining": 840.0,
        "fee": 5000,
        "is_started": false,
        "registered": {
            "1": {
                "name": "Maximiliamus Goricchi 1",
                "health": 0,
                "reward": 0,
                "identifier": "e93964c849811982bcdeaa79a9600682f0f9b49d",
                "id": 1
            },
            "2": {
                "name": "Maximiliamus Goricchi 2",
                "health": 200,
                "reward": 49700.0,
                "identifier": "e93964c849811982bcdeaa79a9600682f0f9b49d",
                "id": 1
            },
            "3": {
                "name": "Maximiliamus Goricchi 3",
                "health": 0,
                "reward": 0,
                "identifier": "e93964c849811982bcdeaa79a9600682f0f9b49d",
                "id": 1
            },
            "4": {
                "name": "Maximiliamus Goricchi 4",
                "health": 200,
                "reward": 1250.0,
                "identifier": "e93964c849811982bcdeaa79a9600682f0f9b49d",
                "id": 1
            },
            "5": {
                "name": "Maximiliamus Goricchi 5",
                "health": 0,
                "reward": 0,
                "identifier": "e93964c849811982bcdeaa79a9600682f0f9b49d",
                "id": 1
            },
            "6": {
                "name": "Maximiliamus Goricchi 6",
                "health": 200,
                "reward": 5000.0,
                "identifier": "e93964c849811982bcdeaa79a9600682f0f9b49d",
                "id": 1
            },
            "7": {
                "name": "Maximiliamus Goricchi 7",
                "health": 0,
                "reward": 0,
                "identifier": "e93964c849811982bcdeaa79a9600682f0f9b49d",
                "id": 1
            },
            "8": {
                "name": "Maximiliamus Goricchi 8",
                "health": 200,
                "reward": 1250.0,
                "identifier": "e93964c849811982bcdeaa79a9600682f0f9b49d",
                "id": 1
            },
            "9": {
                "name": "Maximiliamus Goricchi 9",
                "health": 0,
                "reward": 0,
                "identifier": "e93964c849811982bcdeaa79a9600682f0f9b49d",
                "id": 1
            },
            "10": {
                "name": "Maximiliamus Goricchi 10",
                "health": 200,
                "reward": 12500.0,
                "identifier": "e93964c849811982bcdeaa79a9600682f0f9b49d",
                "id": 1
            },
            "11": {
                "name": "Maximiliamus Goricchi 11",
                "health": 0,
                "reward": 0,
                "identifier": "e93964c849811982bcdeaa79a9600682f0f9b49d",
                "id": 1
            },
            "12": {
                "name": "Maximiliamus Goricchi 12",
                "health": 200,
                "reward": 1250.0,
                "identifier": "e93964c849811982bcdeaa79a9600682f0f9b49d",
                "id": 1
            },
            "13": {
                "name": "Maximiliamus Goricchi 13",
                "health": 0,
                "reward": 0,
                "identifier": "e93964c849811982bcdeaa79a9600682f0f9b49d",
                "id": 1
            },
            "14": {
                "name": "Maximiliamus Goricchi 14",
                "health": 200,
                "reward": 5000.0,
                "identifier": "e93964c849811982bcdeaa79a9600682f0f9b49d",
                "id": 1
            },
            "15": {
                "name": "Maximiliamus Goricchi 15",
                "health": 0,
                "reward": 0,
                "identifier": "e93964c849811982bcdeaa79a9600682f0f9b49d",
                "id": 1
            },
            "16": {
                "name": "Maximiliamus Goricchi 16",
                "health": 200,
                "reward": 1250.0,
                "identifier": "e93964c849811982bcdeaa79a9600682f0f9b49d",
                "id": 1
            },
            "17": {
                "name": "Maximiliamus Goricchi 17",
                "health": 0,
                "reward": 0,
                "identifier": "e93964c849811982bcdeaa79a9600682f0f9b49d",
                "id": 1
            },
            "18": {
                "name": "Maximiliamus Goricchi 18",
                "health": 200,
                "reward": 31300.0,
                "identifier": "e93964c849811982bcdeaa79a9600682f0f9b49d",
                "id": 1
            },
            "19": {
                "name": "Maximiliamus Goricchi 19",
                "health": 0,
                "reward": 0,
                "identifier": "e93964c849811982bcdeaa79a9600682f0f9b49d",
                "id": 1
            },
            "20": {
                "name": "Maximiliamus Goricchi 20",
                "health": 200,
                "reward": 1250.0,
                "identifier": "e93964c849811982bcdeaa79a9600682f0f9b49d",
                "id": 1
            },
            "21": {
                "name": "Maximiliamus Goricchi 21",
                "health": 0,
                "reward": 0,
                "identifier": "e93964c849811982bcdeaa79a9600682f0f9b49d",
                "id": 1
            },
            "22": {
                "name": "Maximiliamus Goricchi 22",
                "health": 200,
                "reward": 5000.0,
                "identifier": "e93964c849811982bcdeaa79a9600682f0f9b49d",
                "id": 1
            },
            "23": {
                "name": "Maximiliamus Goricchi 23",
                "health": 0,
                "reward": 0,
                "identifier": "e93964c849811982bcdeaa79a9600682f0f9b49d",
                "id": 1
            },
            "24": {
                "name": "Maximiliamus Goricchi 24",
                "health": 200,
                "reward": 1250.0,
                "identifier": "e93964c849811982bcdeaa79a9600682f0f9b49d",
                "id": 1
            },
            "25": {
                "name": "Maximiliamus Goricchi 25",
                "health": 0,
                "reward": 0,
                "identifier": "e93964c849811982bcdeaa79a9600682f0f9b49d",
                "id": 1
            },
            "26": {
                "name": "Maximiliamus Goricchi 26",
                "health": 200,
                "reward": 12500.0,
                "identifier": "e93964c849811982bcdeaa79a9600682f0f9b49d",
                "id": 1
            },
            "27": {
                "name": "Maximiliamus Goricchi 27",
                "health": 0,
                "reward": 0,
                "identifier": "e93964c849811982bcdeaa79a9600682f0f9b49d",
                "id": 1
            },
            "28": {
                "name": "Maximiliamus Goricchi 28",
                "health": 200,
                "reward": 1250.0,
                "identifier": "e93964c849811982bcdeaa79a9600682f0f9b49d",
                "id": 1
            },
            "29": {
                "name": "Maximiliamus Goricchi 29",
                "health": 0,
                "reward": 0,
                "identifier": "e93964c849811982bcdeaa79a9600682f0f9b49d",
                "id": 1
            },
            "30": {
                "name": "Maximiliamus Goricchi 30",
                "health": 200,
                "reward": 5000.0,
                "identifier": "e93964c849811982bcdeaa79a9600682f0f9b49d",
                "id": 1
            },
            "31": {
                "name": "Maximiliamus Goricchi 31",
                "health": 0,
                "reward": 0,
                "identifier": "e93964c849811982bcdeaa79a9600682f0f9b49d",
                "id": 1
            },
            "32": {
                "name": "Maximiliamus Goricchi 32",
                "health": 200,
                "reward": 1250.0,
                "identifier": "e93964c849811982bcdeaa79a9600682f0f9b49d",
                "id": 1
            }
        },
        "delay": 6000.0
    },
    "active_fighters_count": 1,
    "rounds_count": 5,
    "active_fighters": {
        "1": {
            "name": "Maximiliamus Goricchi 2",
            "health": 200,
            "reward": 49700.0,
            "identifier": "e93964c849811982bcdeaa79a9600682f0f9b49d",
            "id": 1
        }
    },
    "ongoing_combat": 1,
    "ongoing_round": 5,
    "ongoing": {
        "winner": {
            "name": "Maximiliamus Goricchi 2",
            "health": 200,
            "reward": 49700.0,
            "identifier": "e93964c849811982bcdeaa79a9600682f0f9b49d",
            "id": 1
        },
        "fighters": {
            "red": {
                "name": "Maximiliamus Goricchi 2",
                "health": 200,
                "reward": 49700.0,
                "identifier": "e93964c849811982bcdeaa79a9600682f0f9b49d",
                "id": 1
            },
            "blue": {
                "name": "Maximiliamus Goricchi 18",
                "health": 200,
                "reward": 31300.0,
                "identifier": "e93964c849811982bcdeaa79a9600682f0f9b49d",
                "id": 1
            }
        },
        "round": {
            "number": 3,
            "is_started": false,
            "rest": false,
            "time": 0
        },
        "bets": {},
        "looser": {
            "name": "Maximiliamus Goricchi 18",
            "health": 200,
            "reward": 31300.0,
            "identifier": "e93964c849811982bcdeaa79a9600682f0f9b49d",
            "id": 1
        },
        "rewards": {
            "winner": 32200.0,
            "looser": 13800.0
        }
    },
    "rounds": {
        "1": {
            "combats": {
                "1": {
                    "winner": {
                        "name": "Maximiliamus Goricchi 2",
                        "health": 200,
                        "reward": 49700.0,
                        "identifier": "e93964c849811982bcdeaa79a9600682f0f9b49d",
                        "id": 1
                    },
                    "fighters": {
                        "red": {
                            "name": "Maximiliamus Goricchi 1",
                            "health": 0,
                            "reward": 0,
                            "identifier": "e93964c849811982bcdeaa79a9600682f0f9b49d",
                            "id": 1
                        },
                        "blue": {
                            "name": "Maximiliamus Goricchi 2",
                            "health": 200,
                            "reward": 49700.0,
                            "identifier": "e93964c849811982bcdeaa79a9600682f0f9b49d",
                            "id": 1
                        }
                    },
                    "round": {
                        "number": 3,
                        "is_started": false,
                        "rest": false,
                        "time": 0
                    },
                    "bets": {},
                    "looser": {
                        "name": "Maximiliamus Goricchi 1",
                        "health": 0,
                        "reward": 0,
                        "identifier": "e93964c849811982bcdeaa79a9600682f0f9b49d",
                        "id": 1
                    },
                    "rewards": {
                        "winner": 1250.0,
                        "looser": 0
                    }
                },
                "2": {
                    "winner": {
                        "name": "Maximiliamus Goricchi 4",
                        "health": 200,
                        "reward": 1250.0,
                        "identifier": "e93964c849811982bcdeaa79a9600682f0f9b49d",
                        "id": 1
                    },
                    "fighters": {
                        "red": {
                            "name": "Maximiliamus Goricchi 3",
                            "health": 0,
                            "reward": 0,
                            "identifier": "e93964c849811982bcdeaa79a9600682f0f9b49d",
                            "id": 1
                        },
                        "blue": {
                            "name": "Maximiliamus Goricchi 4",
                            "health": 200,
                            "reward": 1250.0,
                            "identifier": "e93964c849811982bcdeaa79a9600682f0f9b49d",
                            "id": 1
                        }
                    },
                    "round": {
                        "number": 3,
                        "is_started": false,
                        "rest": false,
                        "time": 0
                    },
                    "bets": {},
                    "looser": {
                        "name": "Maximiliamus Goricchi 3",
                        "health": 0,
                        "reward": 0,
                        "identifier": "e93964c849811982bcdeaa79a9600682f0f9b49d",
                        "id": 1
                    },
                    "rewards": {
                        "winner": 1250.0,
                        "looser": 0
                    }
                },
                "3": {
                    "winner": {
                        "name": "Maximiliamus Goricchi 6",
                        "health": 200,
                        "reward": 5000.0,
                        "identifier": "e93964c849811982bcdeaa79a9600682f0f9b49d",
                        "id": 1
                    },
                    "fighters": {
                        "red": {
                            "name": "Maximiliamus Goricchi 5",
                            "health": 0,
                            "reward": 0,
                            "identifier": "e93964c849811982bcdeaa79a9600682f0f9b49d",
                            "id": 1
                        },
                        "blue": {
                            "name": "Maximiliamus Goricchi 6",
                            "health": 200,
                            "reward": 5000.0,
                            "identifier": "e93964c849811982bcdeaa79a9600682f0f9b49d",
                            "id": 1
                        }
                    },
                    "round": {
                        "number": 3,
                        "is_started": false,
                        "rest": false,
                        "time": 0
                    },
                    "bets": {},
                    "looser": {
                        "name": "Maximiliamus Goricchi 5",
                        "health": 0,
                        "reward": 0,
                        "identifier": "e93964c849811982bcdeaa79a9600682f0f9b49d",
                        "id": 1
                    },
                    "rewards": {
                        "winner": 1250.0,
                        "looser": 0
                    }
                },
                "4": {
                    "winner": {
                        "name": "Maximiliamus Goricchi 8",
                        "health": 200,
                        "reward": 1250.0,
                        "identifier": "e93964c849811982bcdeaa79a9600682f0f9b49d",
                        "id": 1
                    },
                    "fighters": {
                        "red": {
                            "name": "Maximiliamus Goricchi 7",
                            "health": 0,
                            "reward": 0,
                            "identifier": "e93964c849811982bcdeaa79a9600682f0f9b49d",
                            "id": 1
                        },
                        "blue": {
                            "name": "Maximiliamus Goricchi 8",
                            "health": 200,
                            "reward": 1250.0,
                            "identifier": "e93964c849811982bcdeaa79a9600682f0f9b49d",
                            "id": 1
                        }
                    },
                    "round": {
                        "number": 3,
                        "is_started": false,
                        "rest": false,
                        "time": 0
                    },
                    "bets": {},
                    "looser": {
                        "name": "Maximiliamus Goricchi 7",
                        "health": 0,
                        "reward": 0,
                        "identifier": "e93964c849811982bcdeaa79a9600682f0f9b49d",
                        "id": 1
                    },
                    "rewards": {
                        "winner": 1250.0,
                        "looser": 0
                    }
                },
                "5": {
                    "winner": {
                        "name": "Maximiliamus Goricchi 10",
                        "health": 200,
                        "reward": 12500.0,
                        "identifier": "e93964c849811982bcdeaa79a9600682f0f9b49d",
                        "id": 1
                    },
                    "fighters": {
                        "red": {
                            "name": "Maximiliamus Goricchi 9",
                            "health": 0,
                            "reward": 0,
                            "identifier": "e93964c849811982bcdeaa79a9600682f0f9b49d",
                            "id": 1
                        },
                        "blue": {
                            "name": "Maximiliamus Goricchi 10",
                            "health": 200,
                            "reward": 12500.0,
                            "identifier": "e93964c849811982bcdeaa79a9600682f0f9b49d",
                            "id": 1
                        }
                    },
                    "round": {
                        "number": 3,
                        "is_started": false,
                        "rest": false,
                        "time": 0
                    },
                    "bets": {},
                    "looser": {
                        "name": "Maximiliamus Goricchi 9",
                        "health": 0,
                        "reward": 0,
                        "identifier": "e93964c849811982bcdeaa79a9600682f0f9b49d",
                        "id": 1
                    },
                    "rewards": {
                        "winner": 1250.0,
                        "looser": 0
                    }
                },
                "6": {
                    "winner": {
                        "name": "Maximiliamus Goricchi 12",
                        "health": 200,
                        "reward": 1250.0,
                        "identifier": "e93964c849811982bcdeaa79a9600682f0f9b49d",
                        "id": 1
                    },
                    "fighters": {
                        "red": {
                            "name": "Maximiliamus Goricchi 11",
                            "health": 0,
                            "reward": 0,
                            "identifier": "e93964c849811982bcdeaa79a9600682f0f9b49d",
                            "id": 1
                        },
                        "blue": {
                            "name": "Maximiliamus Goricchi 12",
                            "health": 200,
                            "reward": 1250.0,
                            "identifier": "e93964c849811982bcdeaa79a9600682f0f9b49d",
                            "id": 1
                        }
                    },
                    "round": {
                        "number": 3,
                        "is_started": false,
                        "rest": false,
                        "time": 0
                    },
                    "bets": {},
                    "looser": {
                        "name": "Maximiliamus Goricchi 11",
                        "health": 0,
                        "reward": 0,
                        "identifier": "e93964c849811982bcdeaa79a9600682f0f9b49d",
                        "id": 1
                    },
                    "rewards": {
                        "winner": 1250.0,
                        "looser": 0
                    }
                },
                "7": {
                    "winner": {
                        "name": "Maximiliamus Goricchi 14",
                        "health": 200,
                        "reward": 5000.0,
                        "identifier": "e93964c849811982bcdeaa79a9600682f0f9b49d",
                        "id": 1
                    },
                    "fighters": {
                        "red": {
                            "name": "Maximiliamus Goricchi 13",
                            "health": 0,
                            "reward": 0,
                            "identifier": "e93964c849811982bcdeaa79a9600682f0f9b49d",
                            "id": 1
                        },
                        "blue": {
                            "name": "Maximiliamus Goricchi 14",
                            "health": 200,
                            "reward": 5000.0,
                            "identifier": "e93964c849811982bcdeaa79a9600682f0f9b49d",
                            "id": 1
                        }
                    },
                    "round": {
                        "number": 3,
                        "is_started": false,
                        "rest": false,
                        "time": 0
                    },
                    "bets": {},
                    "looser": {
                        "name": "Maximiliamus Goricchi 13",
                        "health": 0,
                        "reward": 0,
                        "identifier": "e93964c849811982bcdeaa79a9600682f0f9b49d",
                        "id": 1
                    },
                    "rewards": {
                        "winner": 1250.0,
                        "looser": 0
                    }
                },
                "8": {
                    "winner": {
                        "name": "Maximiliamus Goricchi 16",
                        "health": 200,
                        "reward": 1250.0,
                        "identifier": "e93964c849811982bcdeaa79a9600682f0f9b49d",
                        "id": 1
                    },
                    "fighters": {
                        "red": {
                            "name": "Maximiliamus Goricchi 15",
                            "health": 0,
                            "reward": 0,
                            "identifier": "e93964c849811982bcdeaa79a9600682f0f9b49d",
                            "id": 1
                        },
                        "blue": {
                            "name": "Maximiliamus Goricchi 16",
                            "health": 200,
                            "reward": 1250.0,
                            "identifier": "e93964c849811982bcdeaa79a9600682f0f9b49d",
                            "id": 1
                        }
                    },
                    "round": {
                        "number": 3,
                        "is_started": false,
                        "rest": false,
                        "time": 0
                    },
                    "bets": {},
                    "looser": {
                        "name": "Maximiliamus Goricchi 15",
                        "health": 0,
                        "reward": 0,
                        "identifier": "e93964c849811982bcdeaa79a9600682f0f9b49d",
                        "id": 1
                    },
                    "rewards": {
                        "winner": 1250.0,
                        "looser": 0
                    }
                },
                "9": {
                    "winner": {
                        "name": "Maximiliamus Goricchi 18",
                        "health": 200,
                        "reward": 31300.0,
                        "identifier": "e93964c849811982bcdeaa79a9600682f0f9b49d",
                        "id": 1
                    },
                    "fighters": {
                        "red": {
                            "name": "Maximiliamus Goricchi 17",
                            "health": 0,
                            "reward": 0,
                            "identifier": "e93964c849811982bcdeaa79a9600682f0f9b49d",
                            "id": 1
                        },
                        "blue": {
                            "name": "Maximiliamus Goricchi 18",
                            "health": 200,
                            "reward": 31300.0,
                            "identifier": "e93964c849811982bcdeaa79a9600682f0f9b49d",
                            "id": 1
                        }
                    },
                    "round": {
                        "number": 3,
                        "is_started": false,
                        "rest": false,
                        "time": 0
                    },
                    "bets": {},
                    "looser": {
                        "name": "Maximiliamus Goricchi 17",
                        "health": 0,
                        "reward": 0,
                        "identifier": "e93964c849811982bcdeaa79a9600682f0f9b49d",
                        "id": 1
                    },
                    "rewards": {
                        "winner": 1250.0,
                        "looser": 0
                    }
                },
                "10": {
                    "winner": {
                        "name": "Maximiliamus Goricchi 20",
                        "health": 200,
                        "reward": 1250.0,
                        "identifier": "e93964c849811982bcdeaa79a9600682f0f9b49d",
                        "id": 1
                    },
                    "fighters": {
                        "red": {
                            "name": "Maximiliamus Goricchi 19",
                            "health": 0,
                            "reward": 0,
                            "identifier": "e93964c849811982bcdeaa79a9600682f0f9b49d",
                            "id": 1
                        },
                        "blue": {
                            "name": "Maximiliamus Goricchi 20",
                            "health": 200,
                            "reward": 1250.0,
                            "identifier": "e93964c849811982bcdeaa79a9600682f0f9b49d",
                            "id": 1
                        }
                    },
                    "round": {
                        "number": 3,
                        "is_started": false,
                        "rest": false,
                        "time": 0
                    },
                    "bets": {},
                    "looser": {
                        "name": "Maximiliamus Goricchi 19",
                        "health": 0,
                        "reward": 0,
                        "identifier": "e93964c849811982bcdeaa79a9600682f0f9b49d",
                        "id": 1
                    },
                    "rewards": {
                        "winner": 1250.0,
                        "looser": 0
                    }
                },
                "11": {
                    "winner": {
                        "name": "Maximiliamus Goricchi 22",
                        "health": 200,
                        "reward": 5000.0,
                        "identifier": "e93964c849811982bcdeaa79a9600682f0f9b49d",
                        "id": 1
                    },
                    "fighters": {
                        "red": {
                            "name": "Maximiliamus Goricchi 21",
                            "health": 0,
                            "reward": 0,
                            "identifier": "e93964c849811982bcdeaa79a9600682f0f9b49d",
                            "id": 1
                        },
                        "blue": {
                            "name": "Maximiliamus Goricchi 22",
                            "health": 200,
                            "reward": 5000.0,
                            "identifier": "e93964c849811982bcdeaa79a9600682f0f9b49d",
                            "id": 1
                        }
                    },
                    "round": {
                        "number": 3,
                        "is_started": false,
                        "rest": false,
                        "time": 0
                    },
                    "bets": {},
                    "looser": {
                        "name": "Maximiliamus Goricchi 21",
                        "health": 0,
                        "reward": 0,
                        "identifier": "e93964c849811982bcdeaa79a9600682f0f9b49d",
                        "id": 1
                    },
                    "rewards": {
                        "winner": 1250.0,
                        "looser": 0
                    }
                },
                "12": {
                    "winner": {
                        "name": "Maximiliamus Goricchi 24",
                        "health": 200,
                        "reward": 1250.0,
                        "identifier": "e93964c849811982bcdeaa79a9600682f0f9b49d",
                        "id": 1
                    },
                    "fighters": {
                        "red": {
                            "name": "Maximiliamus Goricchi 23",
                            "health": 0,
                            "reward": 0,
                            "identifier": "e93964c849811982bcdeaa79a9600682f0f9b49d",
                            "id": 1
                        },
                        "blue": {
                            "name": "Maximiliamus Goricchi 24",
                            "health": 200,
                            "reward": 1250.0,
                            "identifier": "e93964c849811982bcdeaa79a9600682f0f9b49d",
                            "id": 1
                        }
                    },
                    "round": {
                        "number": 3,
                        "is_started": false,
                        "rest": false,
                        "time": 0
                    },
                    "bets": {},
                    "looser": {
                        "name": "Maximiliamus Goricchi 23",
                        "health": 0,
                        "reward": 0,
                        "identifier": "e93964c849811982bcdeaa79a9600682f0f9b49d",
                        "id": 1
                    },
                    "rewards": {
                        "winner": 1250.0,
                        "looser": 0
                    }
                },
                "13": {
                    "winner": {
                        "name": "Maximiliamus Goricchi 26",
                        "health": 200,
                        "reward": 12500.0,
                        "identifier": "e93964c849811982bcdeaa79a9600682f0f9b49d",
                        "id": 1
                    },
                    "fighters": {
                        "red": {
                            "name": "Maximiliamus Goricchi 25",
                            "health": 0,
                            "reward": 0,
                            "identifier": "e93964c849811982bcdeaa79a9600682f0f9b49d",
                            "id": 1
                        },
                        "blue": {
                            "name": "Maximiliamus Goricchi 26",
                            "health": 200,
                            "reward": 12500.0,
                            "identifier": "e93964c849811982bcdeaa79a9600682f0f9b49d",
                            "id": 1
                        }
                    },
                    "round": {
                        "number": 3,
                        "is_started": false,
                        "rest": false,
                        "time": 0
                    },
                    "bets": {},
                    "looser": {
                        "name": "Maximiliamus Goricchi 25",
                        "health": 0,
                        "reward": 0,
                        "identifier": "e93964c849811982bcdeaa79a9600682f0f9b49d",
                        "id": 1
                    },
                    "rewards": {
                        "winner": 1250.0,
                        "looser": 0
                    }
                },
                "14": {
                    "winner": {
                        "name": "Maximiliamus Goricchi 28",
                        "health": 200,
                        "reward": 1250.0,
                        "identifier": "e93964c849811982bcdeaa79a9600682f0f9b49d",
                        "id": 1
                    },
                    "fighters": {
                        "red": {
                            "name": "Maximiliamus Goricchi 27",
                            "health": 0,
                            "reward": 0,
                            "identifier": "e93964c849811982bcdeaa79a9600682f0f9b49d",
                            "id": 1
                        },
                        "blue": {
                            "name": "Maximiliamus Goricchi 28",
                            "health": 200,
                            "reward": 1250.0,
                            "identifier": "e93964c849811982bcdeaa79a9600682f0f9b49d",
                            "id": 1
                        }
                    },
                    "round": {
                        "number": 3,
                        "is_started": false,
                        "rest": false,
                        "time": 0
                    },
                    "bets": {},
                    "looser": {
                        "name": "Maximiliamus Goricchi 27",
                        "health": 0,
                        "reward": 0,
                        "identifier": "e93964c849811982bcdeaa79a9600682f0f9b49d",
                        "id": 1
                    },
                    "rewards": {
                        "winner": 1250.0,
                        "looser": 0
                    }
                },
                "15": {
                    "winner": {
                        "name": "Maximiliamus Goricchi 30",
                        "health": 200,
                        "reward": 5000.0,
                        "identifier": "e93964c849811982bcdeaa79a9600682f0f9b49d",
                        "id": 1
                    },
                    "fighters": {
                        "red": {
                            "name": "Maximiliamus Goricchi 29",
                            "health": 0,
                            "reward": 0,
                            "identifier": "e93964c849811982bcdeaa79a9600682f0f9b49d",
                            "id": 1
                        },
                        "blue": {
                            "name": "Maximiliamus Goricchi 30",
                            "health": 200,
                            "reward": 5000.0,
                            "identifier": "e93964c849811982bcdeaa79a9600682f0f9b49d",
                            "id": 1
                        }
                    },
                    "round": {
                        "number": 3,
                        "is_started": false,
                        "rest": false,
                        "time": 0
                    },
                    "bets": {},
                    "looser": {
                        "name": "Maximiliamus Goricchi 29",
                        "health": 0,
                        "reward": 0,
                        "identifier": "e93964c849811982bcdeaa79a9600682f0f9b49d",
                        "id": 1
                    },
                    "rewards": {
                        "winner": 1250.0,
                        "looser": 0
                    }
                },
                "16": {
                    "winner": {
                        "name": "Maximiliamus Goricchi 32",
                        "health": 200,
                        "reward": 1250.0,
                        "identifier": "e93964c849811982bcdeaa79a9600682f0f9b49d",
                        "id": 1
                    },
                    "fighters": {
                        "red": {
                            "name": "Maximiliamus Goricchi 31",
                            "health": 0,
                            "reward": 0,
                            "identifier": "e93964c849811982bcdeaa79a9600682f0f9b49d",
                            "id": 1
                        },
                        "blue": {
                            "name": "Maximiliamus Goricchi 32",
                            "health": 200,
                            "reward": 1250.0,
                            "identifier": "e93964c849811982bcdeaa79a9600682f0f9b49d",
                            "id": 1
                        }
                    },
                    "round": {
                        "number": 3,
                        "is_started": false,
                        "rest": false,
                        "time": 0
                    },
                    "bets": {},
                    "looser": {
                        "name": "Maximiliamus Goricchi 31",
                        "health": 0,
                        "reward": 0,
                        "identifier": "e93964c849811982bcdeaa79a9600682f0f9b49d",
                        "id": 1
                    },
                    "rewards": {
                        "winner": 1250.0,
                        "looser": 0
                    }
                }
            }
        },
        "2": {
            "combats": {
                "1": {
                    "winner": {
                        "name": "Maximiliamus Goricchi 2",
                        "health": 200,
                        "reward": 49700.0,
                        "identifier": "e93964c849811982bcdeaa79a9600682f0f9b49d",
                        "id": 1
                    },
                    "fighters": {
                        "red": {
                            "name": "Maximiliamus Goricchi 2",
                            "health": 200,
                            "reward": 49700.0,
                            "identifier": "e93964c849811982bcdeaa79a9600682f0f9b49d",
                            "id": 1
                        },
                        "blue": {
                            "name": "Maximiliamus Goricchi 4",
                            "health": 200,
                            "reward": 1250.0,
                            "identifier": "e93964c849811982bcdeaa79a9600682f0f9b49d",
                            "id": 1
                        }
                    },
                    "round": {
                        "number": 3,
                        "is_started": false,
                        "rest": false,
                        "time": 0
                    },
                    "bets": {},
                    "looser": {
                        "name": "Maximiliamus Goricchi 4",
                        "health": 200,
                        "reward": 1250.0,
                        "identifier": "e93964c849811982bcdeaa79a9600682f0f9b49d",
                        "id": 1
                    },
                    "rewards": {
                        "winner": 1250.0,
                        "looser": 0
                    }
                },
                "2": {
                    "winner": {
                        "name": "Maximiliamus Goricchi 6",
                        "health": 200,
                        "reward": 5000.0,
                        "identifier": "e93964c849811982bcdeaa79a9600682f0f9b49d",
                        "id": 1
                    },
                    "fighters": {
                        "red": {
                            "name": "Maximiliamus Goricchi 6",
                            "health": 200,
                            "reward": 5000.0,
                            "identifier": "e93964c849811982bcdeaa79a9600682f0f9b49d",
                            "id": 1
                        },
                        "blue": {
                            "name": "Maximiliamus Goricchi 8",
                            "health": 200,
                            "reward": 1250.0,
                            "identifier": "e93964c849811982bcdeaa79a9600682f0f9b49d",
                            "id": 1
                        }
                    },
                    "round": {
                        "number": 3,
                        "is_started": false,
                        "rest": false,
                        "time": 0
                    },
                    "bets": {},
                    "looser": {
                        "name": "Maximiliamus Goricchi 8",
                        "health": 200,
                        "reward": 1250.0,
                        "identifier": "e93964c849811982bcdeaa79a9600682f0f9b49d",
                        "id": 1
                    },
                    "rewards": {
                        "winner": 1250.0,
                        "looser": 0
                    }
                },
                "3": {
                    "winner": {
                        "name": "Maximiliamus Goricchi 10",
                        "health": 200,
                        "reward": 12500.0,
                        "identifier": "e93964c849811982bcdeaa79a9600682f0f9b49d",
                        "id": 1
                    },
                    "fighters": {
                        "red": {
                            "name": "Maximiliamus Goricchi 10",
                            "health": 200,
                            "reward": 12500.0,
                            "identifier": "e93964c849811982bcdeaa79a9600682f0f9b49d",
                            "id": 1
                        },
                        "blue": {
                            "name": "Maximiliamus Goricchi 12",
                            "health": 200,
                            "reward": 1250.0,
                            "identifier": "e93964c849811982bcdeaa79a9600682f0f9b49d",
                            "id": 1
                        }
                    },
                    "round": {
                        "number": 3,
                        "is_started": false,
                        "rest": false,
                        "time": 0
                    },
                    "bets": {},
                    "looser": {
                        "name": "Maximiliamus Goricchi 12",
                        "health": 200,
                        "reward": 1250.0,
                        "identifier": "e93964c849811982bcdeaa79a9600682f0f9b49d",
                        "id": 1
                    },
                    "rewards": {
                        "winner": 1250.0,
                        "looser": 0
                    }
                },
                "4": {
                    "winner": {
                        "name": "Maximiliamus Goricchi 14",
                        "health": 200,
                        "reward": 5000.0,
                        "identifier": "e93964c849811982bcdeaa79a9600682f0f9b49d",
                        "id": 1
                    },
                    "fighters": {
                        "red": {
                            "name": "Maximiliamus Goricchi 14",
                            "health": 200,
                            "reward": 5000.0,
                            "identifier": "e93964c849811982bcdeaa79a9600682f0f9b49d",
                            "id": 1
                        },
                        "blue": {
                            "name": "Maximiliamus Goricchi 16",
                            "health": 200,
                            "reward": 1250.0,
                            "identifier": "e93964c849811982bcdeaa79a9600682f0f9b49d",
                            "id": 1
                        }
                    },
                    "round": {
                        "number": 3,
                        "is_started": false,
                        "rest": false,
                        "time": 0
                    },
                    "bets": {},
                    "looser": {
                        "name": "Maximiliamus Goricchi 16",
                        "health": 200,
                        "reward": 1250.0,
                        "identifier": "e93964c849811982bcdeaa79a9600682f0f9b49d",
                        "id": 1
                    },
                    "rewards": {
                        "winner": 1250.0,
                        "looser": 0
                    }
                },
                "5": {
                    "winner": {
                        "name": "Maximiliamus Goricchi 18",
                        "health": 200,
                        "reward": 31300.0,
                        "identifier": "e93964c849811982bcdeaa79a9600682f0f9b49d",
                        "id": 1
                    },
                    "fighters": {
                        "red": {
                            "name": "Maximiliamus Goricchi 18",
                            "health": 200,
                            "reward": 31300.0,
                            "identifier": "e93964c849811982bcdeaa79a9600682f0f9b49d",
                            "id": 1
                        },
                        "blue": {
                            "name": "Maximiliamus Goricchi 20",
                            "health": 200,
                            "reward": 1250.0,
                            "identifier": "e93964c849811982bcdeaa79a9600682f0f9b49d",
                            "id": 1
                        }
                    },
                    "round": {
                        "number": 3,
                        "is_started": false,
                        "rest": false,
                        "time": 0
                    },
                    "bets": {},
                    "looser": {
                        "name": "Maximiliamus Goricchi 20",
                        "health": 200,
                        "reward": 1250.0,
                        "identifier": "e93964c849811982bcdeaa79a9600682f0f9b49d",
                        "id": 1
                    },
                    "rewards": {
                        "winner": 1250.0,
                        "looser": 0
                    }
                },
                "6": {
                    "winner": {
                        "name": "Maximiliamus Goricchi 22",
                        "health": 200,
                        "reward": 5000.0,
                        "identifier": "e93964c849811982bcdeaa79a9600682f0f9b49d",
                        "id": 1
                    },
                    "fighters": {
                        "red": {
                            "name": "Maximiliamus Goricchi 22",
                            "health": 200,
                            "reward": 5000.0,
                            "identifier": "e93964c849811982bcdeaa79a9600682f0f9b49d",
                            "id": 1
                        },
                        "blue": {
                            "name": "Maximiliamus Goricchi 24",
                            "health": 200,
                            "reward": 1250.0,
                            "identifier": "e93964c849811982bcdeaa79a9600682f0f9b49d",
                            "id": 1
                        }
                    },
                    "round": {
                        "number": 3,
                        "is_started": false,
                        "rest": false,
                        "time": 0
                    },
                    "bets": {},
                    "looser": {
                        "name": "Maximiliamus Goricchi 24",
                        "health": 200,
                        "reward": 1250.0,
                        "identifier": "e93964c849811982bcdeaa79a9600682f0f9b49d",
                        "id": 1
                    },
                    "rewards": {
                        "winner": 1250.0,
                        "looser": 0
                    }
                },
                "7": {
                    "winner": {
                        "name": "Maximiliamus Goricchi 26",
                        "health": 200,
                        "reward": 12500.0,
                        "identifier": "e93964c849811982bcdeaa79a9600682f0f9b49d",
                        "id": 1
                    },
                    "fighters": {
                        "red": {
                            "name": "Maximiliamus Goricchi 26",
                            "health": 200,
                            "reward": 12500.0,
                            "identifier": "e93964c849811982bcdeaa79a9600682f0f9b49d",
                            "id": 1
                        },
                        "blue": {
                            "name": "Maximiliamus Goricchi 28",
                            "health": 200,
                            "reward": 1250.0,
                            "identifier": "e93964c849811982bcdeaa79a9600682f0f9b49d",
                            "id": 1
                        }
                    },
                    "round": {
                        "number": 3,
                        "is_started": false,
                        "rest": false,
                        "time": 0
                    },
                    "bets": {},
                    "looser": {
                        "name": "Maximiliamus Goricchi 28",
                        "health": 200,
                        "reward": 1250.0,
                        "identifier": "e93964c849811982bcdeaa79a9600682f0f9b49d",
                        "id": 1
                    },
                    "rewards": {
                        "winner": 1250.0,
                        "looser": 0
                    }
                },
                "8": {
                    "winner": {
                        "name": "Maximiliamus Goricchi 30",
                        "health": 200,
                        "reward": 5000.0,
                        "identifier": "e93964c849811982bcdeaa79a9600682f0f9b49d",
                        "id": 1
                    },
                    "fighters": {
                        "red": {
                            "name": "Maximiliamus Goricchi 30",
                            "health": 200,
                            "reward": 5000.0,
                            "identifier": "e93964c849811982bcdeaa79a9600682f0f9b49d",
                            "id": 1
                        },
                        "blue": {
                            "name": "Maximiliamus Goricchi 32",
                            "health": 200,
                            "reward": 1250.0,
                            "identifier": "e93964c849811982bcdeaa79a9600682f0f9b49d",
                            "id": 1
                        }
                    },
                    "round": {
                        "number": 3,
                        "is_started": false,
                        "rest": false,
                        "time": 0
                    },
                    "bets": {},
                    "looser": {
                        "name": "Maximiliamus Goricchi 32",
                        "health": 200,
                        "reward": 1250.0,
                        "identifier": "e93964c849811982bcdeaa79a9600682f0f9b49d",
                        "id": 1
                    },
                    "rewards": {
                        "winner": 1250.0,
                        "looser": 0
                    }
                }
            }
        },
        "3": {
            "combats": {
                "1": {
                    "winner": {
                        "name": "Maximiliamus Goricchi 2",
                        "health": 200,
                        "reward": 49700.0,
                        "identifier": "e93964c849811982bcdeaa79a9600682f0f9b49d",
                        "id": 1
                    },
                    "fighters": {
                        "red": {
                            "name": "Maximiliamus Goricchi 2",
                            "health": 200,
                            "reward": 49700.0,
                            "identifier": "e93964c849811982bcdeaa79a9600682f0f9b49d",
                            "id": 1
                        },
                        "blue": {
                            "name": "Maximiliamus Goricchi 6",
                            "health": 200,
                            "reward": 5000.0,
                            "identifier": "e93964c849811982bcdeaa79a9600682f0f9b49d",
                            "id": 1
                        }
                    },
                    "round": {
                        "number": 3,
                        "is_started": false,
                        "rest": false,
                        "time": 0
                    },
                    "bets": {},
                    "looser": {
                        "name": "Maximiliamus Goricchi 6",
                        "health": 200,
                        "reward": 5000.0,
                        "identifier": "e93964c849811982bcdeaa79a9600682f0f9b49d",
                        "id": 1
                    },
                    "rewards": {
                        "winner": 5000,
                        "looser": 2500.0
                    }
                },
                "2": {
                    "winner": {
                        "name": "Maximiliamus Goricchi 10",
                        "health": 200,
                        "reward": 12500.0,
                        "identifier": "e93964c849811982bcdeaa79a9600682f0f9b49d",
                        "id": 1
                    },
                    "fighters": {
                        "red": {
                            "name": "Maximiliamus Goricchi 10",
                            "health": 200,
                            "reward": 12500.0,
                            "identifier": "e93964c849811982bcdeaa79a9600682f0f9b49d",
                            "id": 1
                        },
                        "blue": {
                            "name": "Maximiliamus Goricchi 14",
                            "health": 200,
                            "reward": 5000.0,
                            "identifier": "e93964c849811982bcdeaa79a9600682f0f9b49d",
                            "id": 1
                        }
                    },
                    "round": {
                        "number": 3,
                        "is_started": false,
                        "rest": false,
                        "time": 0
                    },
                    "bets": {},
                    "looser": {
                        "name": "Maximiliamus Goricchi 14",
                        "health": 200,
                        "reward": 5000.0,
                        "identifier": "e93964c849811982bcdeaa79a9600682f0f9b49d",
                        "id": 1
                    },
                    "rewards": {
                        "winner": 5000,
                        "looser": 2500.0
                    }
                },
                "3": {
                    "winner": {
                        "name": "Maximiliamus Goricchi 18",
                        "health": 200,
                        "reward": 31300.0,
                        "identifier": "e93964c849811982bcdeaa79a9600682f0f9b49d",
                        "id": 1
                    },
                    "fighters": {
                        "red": {
                            "name": "Maximiliamus Goricchi 18",
                            "health": 200,
                            "reward": 31300.0,
                            "identifier": "e93964c849811982bcdeaa79a9600682f0f9b49d",
                            "id": 1
                        },
                        "blue": {
                            "name": "Maximiliamus Goricchi 22",
                            "health": 200,
                            "reward": 5000.0,
                            "identifier": "e93964c849811982bcdeaa79a9600682f0f9b49d",
                            "id": 1
                        }
                    },
                    "round": {
                        "number": 3,
                        "is_started": false,
                        "rest": false,
                        "time": 0
                    },
                    "bets": {},
                    "looser": {
                        "name": "Maximiliamus Goricchi 22",
                        "health": 200,
                        "reward": 5000.0,
                        "identifier": "e93964c849811982bcdeaa79a9600682f0f9b49d",
                        "id": 1
                    },
                    "rewards": {
                        "winner": 5000,
                        "looser": 2500.0
                    }
                },
                "4": {
                    "winner": {
                        "name": "Maximiliamus Goricchi 26",
                        "health": 200,
                        "reward": 12500.0,
                        "identifier": "e93964c849811982bcdeaa79a9600682f0f9b49d",
                        "id": 1
                    },
                    "fighters": {
                        "red": {
                            "name": "Maximiliamus Goricchi 26",
                            "health": 200,
                            "reward": 12500.0,
                            "identifier": "e93964c849811982bcdeaa79a9600682f0f9b49d",
                            "id": 1
                        },
                        "blue": {
                            "name": "Maximiliamus Goricchi 30",
                            "health": 200,
                            "reward": 5000.0,
                            "identifier": "e93964c849811982bcdeaa79a9600682f0f9b49d",
                            "id": 1
                        }
                    },
                    "round": {
                        "number": 3,
                        "is_started": false,
                        "rest": false,
                        "time": 0
                    },
                    "bets": {},
                    "looser": {
                        "name": "Maximiliamus Goricchi 30",
                        "health": 200,
                        "reward": 5000.0,
                        "identifier": "e93964c849811982bcdeaa79a9600682f0f9b49d",
                        "id": 1
                    },
                    "rewards": {
                        "winner": 5000,
                        "looser": 2500.0
                    }
                }
            }
        },
        "4": {
            "combats": {
                "1": {
                    "winner": {
                        "name": "Maximiliamus Goricchi 2",
                        "health": 200,
                        "reward": 49700.0,
                        "identifier": "e93964c849811982bcdeaa79a9600682f0f9b49d",
                        "id": 1
                    },
                    "fighters": {
                        "red": {
                            "name": "Maximiliamus Goricchi 2",
                            "health": 200,
                            "reward": 49700.0,
                            "identifier": "e93964c849811982bcdeaa79a9600682f0f9b49d",
                            "id": 1
                        },
                        "blue": {
                            "name": "Maximiliamus Goricchi 10",
                            "health": 200,
                            "reward": 12500.0,
                            "identifier": "e93964c849811982bcdeaa79a9600682f0f9b49d",
                            "id": 1
                        }
                    },
                    "round": {
                        "number": 3,
                        "is_started": false,
                        "rest": false,
                        "time": 0
                    },
                    "bets": {},
                    "looser": {
                        "name": "Maximiliamus Goricchi 10",
                        "health": 200,
                        "reward": 12500.0,
                        "identifier": "e93964c849811982bcdeaa79a9600682f0f9b49d",
                        "id": 1
                    },
                    "rewards": {
                        "winner": 10000,
                        "looser": 5000
                    }
                },
                "2": {
                    "winner": {
                        "name": "Maximiliamus Goricchi 18",
                        "health": 200,
                        "reward": 31300.0,
                        "identifier": "e93964c849811982bcdeaa79a9600682f0f9b49d",
                        "id": 1
                    },
                    "fighters": {
                        "red": {
                            "name": "Maximiliamus Goricchi 18",
                            "health": 200,
                            "reward": 31300.0,
                            "identifier": "e93964c849811982bcdeaa79a9600682f0f9b49d",
                            "id": 1
                        },
                        "blue": {
                            "name": "Maximiliamus Goricchi 26",
                            "health": 200,
                            "reward": 12500.0,
                            "identifier": "e93964c849811982bcdeaa79a9600682f0f9b49d",
                            "id": 1
                        }
                    },
                    "round": {
                        "number": 3,
                        "is_started": false,
                        "rest": false,
                        "time": 0
                    },
                    "bets": {},
                    "looser": {
                        "name": "Maximiliamus Goricchi 26",
                        "health": 200,
                        "reward": 12500.0,
                        "identifier": "e93964c849811982bcdeaa79a9600682f0f9b49d",
                        "id": 1
                    },
                    "rewards": {
                        "winner": 10000,
                        "looser": 5000
                    }
                }
            }
        },
        "5": {
            "combats": {
                "1": {
                    "winner": {
                        "name": "Maximiliamus Goricchi 2",
                        "health": 200,
                        "reward": 49700.0,
                        "identifier": "e93964c849811982bcdeaa79a9600682f0f9b49d",
                        "id": 1
                    },
                    "fighters": {
                        "red": {
                            "name": "Maximiliamus Goricchi 2",
                            "health": 200,
                            "reward": 49700.0,
                            "identifier": "e93964c849811982bcdeaa79a9600682f0f9b49d",
                            "id": 1
                        },
                        "blue": {
                            "name": "Maximiliamus Goricchi 18",
                            "health": 200,
                            "reward": 31300.0,
                            "identifier": "e93964c849811982bcdeaa79a9600682f0f9b49d",
                            "id": 1
                        }
                    },
                    "round": {
                        "number": 3,
                        "is_started": false,
                        "rest": false,
                        "time": 0
                    },
                    "bets": {},
                    "looser": {
                        "name": "Maximiliamus Goricchi 18",
                        "health": 200,
                        "reward": 31300.0,
                        "identifier": "e93964c849811982bcdeaa79a9600682f0f9b49d",
                        "id": 1
                    },
                    "rewards": {
                        "winner": 32200.0,
                        "looser": 13800.0
                    }
                }
            }
        }
    },
    "fighter_count": 32,
    "is_started": false,
    "info": {
        "organization_bet_percentage": 20,
        "organization_fee_percentage": 15,
        "round_counts": 3,
        "round_delay": 3000.0
    },
    "id": 72
}