{
    "rounds": {
        "1": {
            "combats": {
                "1": {
                    "winner": {
                        "identifier": "e93964c849811982bcdeaa79a9600682f0f9b49d",
                        "name": "Maximiliamus Goricchi 2",
                        "reward": 11400.0,
                        "health": 200,
                        "id": 1
                    },
                    "looser": {
                        "identifier": "e93964c849811982bcdeaa79a9600682f0f9b49d",
                        "name": "Maximiliamus Goricchi 1",
                        "reward": 0,
                        "health": 0,
                        "id": 1
                    },
                    "fighters": {
                        "blue": {
                            "identifier": "e93964c849811982bcdeaa79a9600682f0f9b49d",
                            "name": "Maximiliamus Goricchi 2",
                            "reward": 11400.0,
                            "health": 200,
                            "id": 1
                        },
                        "red": {
                            "identifier": "e93964c849811982bcdeaa79a9600682f0f9b49d",
                            "name": "Maximiliamus Goricchi 1",
                            "reward": 0,
                            "health": 0,
                            "id": 1
                        }
                    },
                    "round": {
                        "time": 0,
                        "number": 3,
                        "rest": false,
                        "is_started": false
                    },
                    "bets": {},
                    "rewards": {
                        "looser": 0,
                        "winner": 1250.0
                    }
                },
                "2": {
                    "winner": {
                        "identifier": "e93964c849811982bcdeaa79a9600682f0f9b49d",
                        "name": "Maximiliamus Goricchi 4",
                        "reward": 5600.0,
                        "health": 200,
                        "id": 1
                    },
                    "looser": {
                        "identifier": "e93964c849811982bcdeaa79a9600682f0f9b49d",
                        "name": "Maximiliamus Goricchi 3",
                        "reward": 0,
                        "health": 0,
                        "id": 1
                    },
                    "fighters": {
                        "blue": {
                            "identifier": "e93964c849811982bcdeaa79a9600682f0f9b49d",
                            "name": "Maximiliamus Goricchi 4",
                            "reward": 5600.0,
                            "health": 200,
                            "id": 1
                        },
                        "red": {
                            "identifier": "e93964c849811982bcdeaa79a9600682f0f9b49d",
                            "name": "Maximiliamus Goricchi 3",
                            "reward": 0,
                            "health": 0,
                            "id": 1
                        }
                    },
                    "round": {
                        "time": 0,
                        "number": 3,
                        "rest": false,
                        "is_started": false
                    },
                    "bets": {},
                    "rewards": {
                        "looser": 0,
                        "winner": 1250.0
                    }
                }
            }
        },
        "2": {
            "combats": {
                "1": {
                    "winner": {
                        "identifier": "e93964c849811982bcdeaa79a9600682f0f9b49d",
                        "name": "Maximiliamus Goricchi 2",
                        "reward": 11400.0,
                        "health": 200,
                        "id": 1
                    },
                    "looser": {
                        "identifier": "e93964c849811982bcdeaa79a9600682f0f9b49d",
                        "name": "Maximiliamus Goricchi 4",
                        "reward": 5600.0,
                        "health": 200,
                        "id": 1
                    },
                    "fighters": {
                        "blue": {
                            "identifier": "e93964c849811982bcdeaa79a9600682f0f9b49d",
                            "name": "Maximiliamus Goricchi 4",
                            "reward": 5600.0,
                            "health": 200,
                            "id": 1
                        },
                        "red": {
                            "identifier": "e93964c849811982bcdeaa79a9600682f0f9b49d",
                            "name": "Maximiliamus Goricchi 2",
                            "reward": 11400.0,
                            "health": 200,
                            "id": 1
                        }
                    },
                    "round": {
                        "time": 0,
                        "number": 3,
                        "rest": false,
                        "is_started": false
                    },
                    "bets": {},
                    "rewards": {
                        "looser": 4350.0,
                        "winner": 10150.0
                    }
                }
            }
        }
    },
    "info": {
        "round_counts": 3,
        "organization_bet_percentage": 20,
        "organization_fee_percentage": 15,
        "round_delay": 3000.0
    },
    "fighter_count": 4,
    "registration": {
        "delay": 6000.0,
        "registered": {
            "1": {
                "identifier": "e93964c849811982bcdeaa79a9600682f0f9b49d",
                "name": "Maximiliamus Goricchi 1",
                "reward": 0,
                "health": 0,
                "id": 1
            },
            "2": {
                "identifier": "e93964c849811982bcdeaa79a9600682f0f9b49d",
                "name": "Maximiliamus Goricchi 2",
                "reward": 11400.0,
                "health": 200,
                "id": 1
            },
            "3": {
                "identifier": "e93964c849811982bcdeaa79a9600682f0f9b49d",
                "name": "Maximiliamus Goricchi 3",
                "reward": 0,
                "health": 0,
                "id": 1
            },
            "4": {
                "identifier": "e93964c849811982bcdeaa79a9600682f0f9b49d",
                "name": "Maximiliamus Goricchi 4",
                "reward": 5600.0,
                "health": 200,
                "id": 1
            }
        },
        "fee": 5000,
        "time_remaining": 849.0,
        "registered_count": 4,
        "is_started": false
    },
    "id": 69,
    "rounds_count": 2,
    "ongoing_combat": 1,
    "ongoing_round": 2,
    "ongoing": {
        "winner": {
            "identifier": "e93964c849811982bcdeaa79a9600682f0f9b49d",
            "name": "Maximiliamus Goricchi 2",
            "reward": 11400.0,
            "health": 200,
            "id": 1
        },
        "looser": {
            "identifier": "e93964c849811982bcdeaa79a9600682f0f9b49d",
            "name": "Maximiliamus Goricchi 4",
            "reward": 5600.0,
            "health": 200,
            "id": 1
        },
        "fighters": {
            "blue": {
                "identifier": "e93964c849811982bcdeaa79a9600682f0f9b49d",
                "name": "Maximiliamus Goricchi 4",
                "reward": 5600.0,
                "health": 200,
                "id": 1
            },
            "red": {
                "identifier": "e93964c849811982bcdeaa79a9600682f0f9b49d",
                "name": "Maximiliamus Goricchi 2",
                "reward": 11400.0,
                "health": 200,
                "id": 1
            }
        },
        "round": {
            "time": 0,
            "number": 3,
            "rest": false,
            "is_started": false
        },
        "bets": {},
        "rewards": {
            "looser": 4350.0,
            "winner": 10150.0
        }
    },
    "active_fighters_count": 1,
    "pot": {
        "loosers": 2500.0,
        "winners": 14500.0
    },
    "bookmaker": {
        "time_remaining": 959.0,
        "delay": 3000.0,
        "is_started": false
    },
    "active_fighters": {
        "1": {
            "identifier": "e93964c849811982bcdeaa79a9600682f0f9b49d",
            "name": "Maximiliamus Goricchi 2",
            "reward": 11400.0,
            "health": 200,
            "id": 1
        }
    },
    "is_started": false
}