{
    "is_started": false,
    "ongoing_combat": 1,
    "rounds_count": 3,
    "bookmaker": {
        "is_started": false,
        "delay": 3000.0,
        "time_remaining": 948.0
    },
    "info": {
        "organization_bet_percentage": 20,
        "round_counts": 3,
        "organization_fee_percentage": 15,
        "round_delay": 3000.0
    },
    "ongoing_round": 3,
    "rounds": {
        "1": {
            "combats": {
                "1": {
                    "round": {
                        "number": 3,
                        "is_started": false,
                        "time": 0,
                        "rest": false
                    },
                    "fighters": {
                        "blue": {
                            "id": 1,
                            "identifier": "e93964c849811982bcdeaa79a9600682f0f9b49d",
                            "name": "Maximiliamus Goricchi 2",
                            "health": 200,
                            "reward": 18800.0
                        },
                        "red": {
                            "id": 1,
                            "identifier": "e93964c849811982bcdeaa79a9600682f0f9b49d",
                            "name": "Maximiliamus Goricchi 1",
                            "health": 0,
                            "reward": 0
                        }
                    },
                    "looser": {
                        "id": 1,
                        "identifier": "e93964c849811982bcdeaa79a9600682f0f9b49d",
                        "name": "Maximiliamus Goricchi 1",
                        "health": 0,
                        "reward": 0
                    },
                    "rewards": {
                        "winner": 1250.0,
                        "looser": 0
                    },
                    "winner": {
                        "id": 1,
                        "identifier": "e93964c849811982bcdeaa79a9600682f0f9b49d",
                        "name": "Maximiliamus Goricchi 2",
                        "health": 200,
                        "reward": 18800.0
                    },
                    "bets": {}
                },
                "2": {
                    "round": {
                        "number": 3,
                        "is_started": false,
                        "time": 0,
                        "rest": false
                    },
                    "fighters": {
                        "blue": {
                            "id": 1,
                            "identifier": "e93964c849811982bcdeaa79a9600682f0f9b49d",
                            "name": "Maximiliamus Goricchi 4",
                            "health": 200,
                            "reward": 2500.0
                        },
                        "red": {
                            "id": 1,
                            "identifier": "e93964c849811982bcdeaa79a9600682f0f9b49d",
                            "name": "Maximiliamus Goricchi 3",
                            "health": 0,
                            "reward": 0
                        }
                    },
                    "looser": {
                        "id": 1,
                        "identifier": "e93964c849811982bcdeaa79a9600682f0f9b49d",
                        "name": "Maximiliamus Goricchi 3",
                        "health": 0,
                        "reward": 0
                    },
                    "rewards": {
                        "winner": 1250.0,
                        "looser": 0
                    },
                    "winner": {
                        "id": 1,
                        "identifier": "e93964c849811982bcdeaa79a9600682f0f9b49d",
                        "name": "Maximiliamus Goricchi 4",
                        "health": 200,
                        "reward": 2500.0
                    },
                    "bets": {}
                },
                "3": {
                    "round": {
                        "number": 3,
                        "is_started": false,
                        "time": 0,
                        "rest": false
                    },
                    "fighters": {
                        "blue": {
                            "id": 1,
                            "identifier": "e93964c849811982bcdeaa79a9600682f0f9b49d",
                            "name": "Maximiliamus Goricchi 6",
                            "health": 200,
                            "reward": 10200.0
                        },
                        "red": {
                            "id": 1,
                            "identifier": "e93964c849811982bcdeaa79a9600682f0f9b49d",
                            "name": "Maximiliamus Goricchi 5",
                            "health": 0,
                            "reward": 0
                        }
                    },
                    "looser": {
                        "id": 1,
                        "identifier": "e93964c849811982bcdeaa79a9600682f0f9b49d",
                        "name": "Maximiliamus Goricchi 5",
                        "health": 0,
                        "reward": 0
                    },
                    "rewards": {
                        "winner": 1250.0,
                        "looser": 0
                    },
                    "winner": {
                        "id": 1,
                        "identifier": "e93964c849811982bcdeaa79a9600682f0f9b49d",
                        "name": "Maximiliamus Goricchi 6",
                        "health": 200,
                        "reward": 10200.0
                    },
                    "bets": {}
                },
                "4": {
                    "round": {
                        "number": 3,
                        "is_started": false,
                        "time": 0,
                        "rest": false
                    },
                    "fighters": {
                        "blue": {
                            "id": 1,
                            "identifier": "e93964c849811982bcdeaa79a9600682f0f9b49d",
                            "name": "Maximiliamus Goricchi 8",
                            "health": 200,
                            "reward": 2500.0
                        },
                        "red": {
                            "id": 1,
                            "identifier": "e93964c849811982bcdeaa79a9600682f0f9b49d",
                            "name": "Maximiliamus Goricchi 7",
                            "health": 0,
                            "reward": 0
                        }
                    },
                    "looser": {
                        "id": 1,
                        "identifier": "e93964c849811982bcdeaa79a9600682f0f9b49d",
                        "name": "Maximiliamus Goricchi 7",
                        "health": 0,
                        "reward": 0
                    },
                    "rewards": {
                        "winner": 1250.0,
                        "looser": 0
                    },
                    "winner": {
                        "id": 1,
                        "identifier": "e93964c849811982bcdeaa79a9600682f0f9b49d",
                        "name": "Maximiliamus Goricchi 8",
                        "health": 200,
                        "reward": 2500.0
                    },
                    "bets": {}
                }
            }
        },
        "2": {
            "combats": {
                "1": {
                    "round": {
                        "number": 3,
                        "is_started": false,
                        "time": 0,
                        "rest": false
                    },
                    "fighters": {
                        "blue": {
                            "id": 1,
                            "identifier": "e93964c849811982bcdeaa79a9600682f0f9b49d",
                            "name": "Maximiliamus Goricchi 4",
                            "health": 200,
                            "reward": 2500.0
                        },
                        "red": {
                            "id": 1,
                            "identifier": "e93964c849811982bcdeaa79a9600682f0f9b49d",
                            "name": "Maximiliamus Goricchi 2",
                            "health": 200,
                            "reward": 18800.0
                        }
                    },
                    "looser": {
                        "id": 1,
                        "identifier": "e93964c849811982bcdeaa79a9600682f0f9b49d",
                        "name": "Maximiliamus Goricchi 4",
                        "health": 200,
                        "reward": 2500.0
                    },
                    "rewards": {
                        "winner": 2500.0,
                        "looser": 1250.0
                    },
                    "winner": {
                        "id": 1,
                        "identifier": "e93964c849811982bcdeaa79a9600682f0f9b49d",
                        "name": "Maximiliamus Goricchi 2",
                        "health": 200,
                        "reward": 18800.0
                    },
                    "bets": {}
                },
                "2": {
                    "round": {
                        "number": 3,
                        "is_started": false,
                        "time": 0,
                        "rest": false
                    },
                    "fighters": {
                        "blue": {
                            "id": 1,
                            "identifier": "e93964c849811982bcdeaa79a9600682f0f9b49d",
                            "name": "Maximiliamus Goricchi 8",
                            "health": 200,
                            "reward": 2500.0
                        },
                        "red": {
                            "id": 1,
                            "identifier": "e93964c849811982bcdeaa79a9600682f0f9b49d",
                            "name": "Maximiliamus Goricchi 6",
                            "health": 200,
                            "reward": 10200.0
                        }
                    },
                    "looser": {
                        "id": 1,
                        "identifier": "e93964c849811982bcdeaa79a9600682f0f9b49d",
                        "name": "Maximiliamus Goricchi 8",
                        "health": 200,
                        "reward": 2500.0
                    },
                    "rewards": {
                        "winner": 2500.0,
                        "looser": 1250.0
                    },
                    "winner": {
                        "id": 1,
                        "identifier": "e93964c849811982bcdeaa79a9600682f0f9b49d",
                        "name": "Maximiliamus Goricchi 6",
                        "health": 200,
                        "reward": 10200.0
                    },
                    "bets": {}
                }
            }
        },
        "3": {
            "combats": {
                "1": {
                    "round": {
                        "number": 3,
                        "is_started": false,
                        "time": 0,
                        "rest": false
                    },
                    "fighters": {
                        "blue": {
                            "id": 1,
                            "identifier": "e93964c849811982bcdeaa79a9600682f0f9b49d",
                            "name": "Maximiliamus Goricchi 6",
                            "health": 200,
                            "reward": 10200.0
                        },
                        "red": {
                            "id": 1,
                            "identifier": "e93964c849811982bcdeaa79a9600682f0f9b49d",
                            "name": "Maximiliamus Goricchi 2",
                            "health": 200,
                            "reward": 18800.0
                        }
                    },
                    "looser": {
                        "id": 1,
                        "identifier": "e93964c849811982bcdeaa79a9600682f0f9b49d",
                        "name": "Maximiliamus Goricchi 6",
                        "health": 200,
                        "reward": 10200.0
                    },
                    "rewards": {
                        "winner": 15050.0,
                        "looser": 6450.0
                    },
                    "winner": {
                        "id": 1,
                        "identifier": "e93964c849811982bcdeaa79a9600682f0f9b49d",
                        "name": "Maximiliamus Goricchi 2",
                        "health": 200,
                        "reward": 18800.0
                    },
                    "bets": {}
                }
            }
        }
    },
    "id": 70,
    "fighter_count": 8,
    "ongoing": {
        "round": {
            "number": 3,
            "is_started": false,
            "time": 0,
            "rest": false
        },
        "fighters": {
            "blue": {
                "id": 1,
                "identifier": "e93964c849811982bcdeaa79a9600682f0f9b49d",
                "name": "Maximiliamus Goricchi 6",
                "health": 200,
                "reward": 10200.0
            },
            "red": {
                "id": 1,
                "identifier": "e93964c849811982bcdeaa79a9600682f0f9b49d",
                "name": "Maximiliamus Goricchi 2",
                "health": 200,
                "reward": 18800.0
            }
        },
        "looser": {
            "id": 1,
            "identifier": "e93964c849811982bcdeaa79a9600682f0f9b49d",
            "name": "Maximiliamus Goricchi 6",
            "health": 200,
            "reward": 10200.0
        },
        "rewards": {
            "winner": 15050.0,
            "looser": 6450.0
        },
        "winner": {
            "id": 1,
            "identifier": "e93964c849811982bcdeaa79a9600682f0f9b49d",
            "name": "Maximiliamus Goricchi 2",
            "health": 200,
            "reward": 18800.0
        },
        "bets": {}
    },
    "pot": {
        "winners": 21500.0,
        "loosers": 12500.0
    },
    "active_fighters_count": 1,
    "registration": {
        "is_started": false,
        "registered_count": 8,
        "fee": 5000,
        "registered": {
            "1": {
                "id": 1,
                "identifier": "e93964c849811982bcdeaa79a9600682f0f9b49d",
                "name": "Maximiliamus Goricchi 1",
                "health": 0,
                "reward": 0
            },
            "2": {
                "id": 1,
                "identifier": "e93964c849811982bcdeaa79a9600682f0f9b49d",
                "name": "Maximiliamus Goricchi 2",
                "health": 200,
                "reward": 18800.0
            },
            "3": {
                "id": 1,
                "identifier": "e93964c849811982bcdeaa79a9600682f0f9b49d",
                "name": "Maximiliamus Goricchi 3",
                "health": 0,
                "reward": 0
            },
            "4": {
                "id": 1,
                "identifier": "e93964c849811982bcdeaa79a9600682f0f9b49d",
                "name": "Maximiliamus Goricchi 4",
                "health": 200,
                "reward": 2500.0
            },
            "5": {
                "id": 1,
                "identifier": "e93964c849811982bcdeaa79a9600682f0f9b49d",
                "name": "Maximiliamus Goricchi 5",
                "health": 0,
                "reward": 0
            },
            "6": {
                "id": 1,
                "identifier": "e93964c849811982bcdeaa79a9600682f0f9b49d",
                "name": "Maximiliamus Goricchi 6",
                "health": 200,
                "reward": 10200.0
            },
            "7": {
                "id": 1,
                "identifier": "e93964c849811982bcdeaa79a9600682f0f9b49d",
                "name": "Maximiliamus Goricchi 7",
                "health": 0,
                "reward": 0
            },
            "8": {
                "id": 1,
                "identifier": "e93964c849811982bcdeaa79a9600682f0f9b49d",
                "name": "Maximiliamus Goricchi 8",
                "health": 200,
                "reward": 2500.0
            }
        },
        "time_remaining": 833.0,
        "delay": 6000.0
    },
    "active_fighters": {
        "1": {
            "id": 1,
            "identifier": "e93964c849811982bcdeaa79a9600682f0f9b49d",
            "name": "Maximiliamus Goricchi 2",
            "health": 200,
            "reward": 18800.0
        }
    }
}