{
    "ongoing_round": 3,
    "ongoing_combat": 1,
    "bookmaker": {
        "delay": 3000.0,
        "is_started": false,
        "time_remaining": 953.0
    },
    "fighter_count": 8,
    "ongoing": {
        "round": {
            "number": 3,
            "time": 948.0,
            "is_started": false,
            "rest": false
        },
        "bets": {},
        "looser": {
            "name": "Maximiliamus Goricchi 6",
            "id": 1,
            "health": 200,
            "identifier": "e93964c849811982bcdeaa79a9600682f0f9b49d",
            "reward": 10200.0
        },
        "fighters": {
            "blue": {
                "name": "Maximiliamus Goricchi 6",
                "id": 1,
                "health": 200,
                "identifier": "e93964c849811982bcdeaa79a9600682f0f9b49d",
                "reward": 10200.0
            },
            "red": {
                "name": "Maximiliamus Goricchi 2",
                "id": 1,
                "health": 200,
                "identifier": "e93964c849811982bcdeaa79a9600682f0f9b49d",
                "reward": 18800.0
            }
        },
        "rewards": {
            "looser": 6450.0,
            "winner": 15050.0
        },
        "winner": {
            "name": "Maximiliamus Goricchi 2",
            "id": 1,
            "health": 200,
            "identifier": "e93964c849811982bcdeaa79a9600682f0f9b49d",
            "reward": 18800.0
        }
    },
    "active_fighters": {
        "1": {
            "name": "Maximiliamus Goricchi 2",
            "id": 1,
            "health": 200,
            "identifier": "e93964c849811982bcdeaa79a9600682f0f9b49d",
            "reward": 18800.0
        }
    },
    "rounds": {
        "1": {
            "combats": {
                "1": {
                    "round": {
                        "number": 1,
                        "time": 3000.0,
                        "is_started": false,
                        "rest": false
                    },
                    "bets": {},
                    "looser": {
                        "name": "Maximiliamus Goricchi 1",
                        "id": 1,
                        "health": 0,
                        "identifier": "e93964c849811982bcdeaa79a9600682f0f9b49d",
                        "reward": 0
                    },
                    "fighters": {
                        "blue": {
                            "name": "Maximiliamus Goricchi 2",
                            "id": 1,
                            "health": 200,
                            "identifier": "e93964c849811982bcdeaa79a9600682f0f9b49d",
                            "reward": 18800.0
                        },
                        "red": {
                            "name": "Maximiliamus Goricchi 1",
                            "id": 1,
                            "health": 0,
                            "identifier": "e93964c849811982bcdeaa79a9600682f0f9b49d",
                            "reward": 0
                        }
                    },
                    "rewards": {
                        "looser": 0,
                        "winner": 1250.0
                    },
                    "winner": {
                        "name": "Maximiliamus Goricchi 2",
                        "id": 1,
                        "health": 200,
                        "identifier": "e93964c849811982bcdeaa79a9600682f0f9b49d",
                        "reward": 18800.0
                    }
                },
                "2": {
                    "round": {
                        "number": 1,
                        "time": 3000.0,
                        "is_started": false,
                        "rest": false
                    },
                    "bets": {},
                    "looser": {
                        "name": "Maximiliamus Goricchi 3",
                        "id": 1,
                        "health": 0,
                        "identifier": "e93964c849811982bcdeaa79a9600682f0f9b49d",
                        "reward": 0
                    },
                    "fighters": {
                        "blue": {
                            "name": "Maximiliamus Goricchi 4",
                            "id": 1,
                            "health": 200,
                            "identifier": "e93964c849811982bcdeaa79a9600682f0f9b49d",
                            "reward": 2500.0
                        },
                        "red": {
                            "name": "Maximiliamus Goricchi 3",
                            "id": 1,
                            "health": 0,
                            "identifier": "e93964c849811982bcdeaa79a9600682f0f9b49d",
                            "reward": 0
                        }
                    },
                    "rewards": {
                        "looser": 0,
                        "winner": 1250.0
                    },
                    "winner": {
                        "name": "Maximiliamus Goricchi 4",
                        "id": 1,
                        "health": 200,
                        "identifier": "e93964c849811982bcdeaa79a9600682f0f9b49d",
                        "reward": 2500.0
                    }
                },
                "3": {
                    "round": {
                        "number": 1,
                        "time": 2999.0,
                        "is_started": false,
                        "rest": false
                    },
                    "bets": {},
                    "looser": {
                        "name": "Maximiliamus Goricchi 5",
                        "id": 1,
                        "health": 0,
                        "identifier": "e93964c849811982bcdeaa79a9600682f0f9b49d",
                        "reward": 0
                    },
                    "fighters": {
                        "blue": {
                            "name": "Maximiliamus Goricchi 6",
                            "id": 1,
                            "health": 200,
                            "identifier": "e93964c849811982bcdeaa79a9600682f0f9b49d",
                            "reward": 10200.0
                        },
                        "red": {
                            "name": "Maximiliamus Goricchi 5",
                            "id": 1,
                            "health": 0,
                            "identifier": "e93964c849811982bcdeaa79a9600682f0f9b49d",
                            "reward": 0
                        }
                    },
                    "rewards": {
                        "looser": 0,
                        "winner": 1250.0
                    },
                    "winner": {
                        "name": "Maximiliamus Goricchi 6",
                        "id": 1,
                        "health": 200,
                        "identifier": "e93964c849811982bcdeaa79a9600682f0f9b49d",
                        "reward": 10200.0
                    }
                },
                "4": {
                    "round": {
                        "number": 1,
                        "time": 3000.0,
                        "is_started": false,
                        "rest": false
                    },
                    "bets": {},
                    "looser": {
                        "name": "Maximiliamus Goricchi 7",
                        "id": 1,
                        "health": 0,
                        "identifier": "e93964c849811982bcdeaa79a9600682f0f9b49d",
                        "reward": 0
                    },
                    "fighters": {
                        "blue": {
                            "name": "Maximiliamus Goricchi 8",
                            "id": 1,
                            "health": 200,
                            "identifier": "e93964c849811982bcdeaa79a9600682f0f9b49d",
                            "reward": 2500.0
                        },
                        "red": {
                            "name": "Maximiliamus Goricchi 7",
                            "id": 1,
                            "health": 0,
                            "identifier": "e93964c849811982bcdeaa79a9600682f0f9b49d",
                            "reward": 0
                        }
                    },
                    "rewards": {
                        "looser": 0,
                        "winner": 1250.0
                    },
                    "winner": {
                        "name": "Maximiliamus Goricchi 8",
                        "id": 1,
                        "health": 200,
                        "identifier": "e93964c849811982bcdeaa79a9600682f0f9b49d",
                        "reward": 2500.0
                    }
                }
            }
        },
        "2": {
            "combats": {
                "1": {
                    "round": {
                        "number": 3,
                        "time": 951.0,
                        "is_started": false,
                        "rest": false
                    },
                    "bets": {},
                    "looser": {
                        "name": "Maximiliamus Goricchi 4",
                        "id": 1,
                        "health": 200,
                        "identifier": "e93964c849811982bcdeaa79a9600682f0f9b49d",
                        "reward": 2500.0
                    },
                    "fighters": {
                        "blue": {
                            "name": "Maximiliamus Goricchi 4",
                            "id": 1,
                            "health": 200,
                            "identifier": "e93964c849811982bcdeaa79a9600682f0f9b49d",
                            "reward": 2500.0
                        },
                        "red": {
                            "name": "Maximiliamus Goricchi 2",
                            "id": 1,
                            "health": 200,
                            "identifier": "e93964c849811982bcdeaa79a9600682f0f9b49d",
                            "reward": 18800.0
                        }
                    },
                    "rewards": {
                        "looser": 1250.0,
                        "winner": 2500.0
                    },
                    "winner": {
                        "name": "Maximiliamus Goricchi 2",
                        "id": 1,
                        "health": 200,
                        "identifier": "e93964c849811982bcdeaa79a9600682f0f9b49d",
                        "reward": 18800.0
                    }
                },
                "2": {
                    "round": {
                        "number": 3,
                        "time": 950.0,
                        "is_started": false,
                        "rest": false
                    },
                    "bets": {},
                    "looser": {
                        "name": "Maximiliamus Goricchi 8",
                        "id": 1,
                        "health": 200,
                        "identifier": "e93964c849811982bcdeaa79a9600682f0f9b49d",
                        "reward": 2500.0
                    },
                    "fighters": {
                        "blue": {
                            "name": "Maximiliamus Goricchi 8",
                            "id": 1,
                            "health": 200,
                            "identifier": "e93964c849811982bcdeaa79a9600682f0f9b49d",
                            "reward": 2500.0
                        },
                        "red": {
                            "name": "Maximiliamus Goricchi 6",
                            "id": 1,
                            "health": 200,
                            "identifier": "e93964c849811982bcdeaa79a9600682f0f9b49d",
                            "reward": 10200.0
                        }
                    },
                    "rewards": {
                        "looser": 1250.0,
                        "winner": 2500.0
                    },
                    "winner": {
                        "name": "Maximiliamus Goricchi 6",
                        "id": 1,
                        "health": 200,
                        "identifier": "e93964c849811982bcdeaa79a9600682f0f9b49d",
                        "reward": 10200.0
                    }
                }
            }
        },
        "3": {
            "combats": {
                "1": {
                    "round": {
                        "number": 3,
                        "time": 948.0,
                        "is_started": false,
                        "rest": false
                    },
                    "bets": {},
                    "looser": {
                        "name": "Maximiliamus Goricchi 6",
                        "id": 1,
                        "health": 200,
                        "identifier": "e93964c849811982bcdeaa79a9600682f0f9b49d",
                        "reward": 10200.0
                    },
                    "fighters": {
                        "blue": {
                            "name": "Maximiliamus Goricchi 6",
                            "id": 1,
                            "health": 200,
                            "identifier": "e93964c849811982bcdeaa79a9600682f0f9b49d",
                            "reward": 10200.0
                        },
                        "red": {
                            "name": "Maximiliamus Goricchi 2",
                            "id": 1,
                            "health": 200,
                            "identifier": "e93964c849811982bcdeaa79a9600682f0f9b49d",
                            "reward": 18800.0
                        }
                    },
                    "rewards": {
                        "looser": 6450.0,
                        "winner": 15050.0
                    },
                    "winner": {
                        "name": "Maximiliamus Goricchi 2",
                        "id": 1,
                        "health": 200,
                        "identifier": "e93964c849811982bcdeaa79a9600682f0f9b49d",
                        "reward": 18800.0
                    }
                }
            }
        }
    },
    "pot": {
        "loosers": 12500.0,
        "winners": 21500.0
    },
    "is_started": false,
    "registration": {
        "delay": 6000.0,
        "is_started": false,
        "registered": {
            "1": {
                "name": "Maximiliamus Goricchi 1",
                "id": 1,
                "health": 0,
                "identifier": "e93964c849811982bcdeaa79a9600682f0f9b49d",
                "reward": 0
            },
            "2": {
                "name": "Maximiliamus Goricchi 2",
                "id": 1,
                "health": 200,
                "identifier": "e93964c849811982bcdeaa79a9600682f0f9b49d",
                "reward": 18800.0
            },
            "3": {
                "name": "Maximiliamus Goricchi 3",
                "id": 1,
                "health": 0,
                "identifier": "e93964c849811982bcdeaa79a9600682f0f9b49d",
                "reward": 0
            },
            "4": {
                "name": "Maximiliamus Goricchi 4",
                "id": 1,
                "health": 200,
                "identifier": "e93964c849811982bcdeaa79a9600682f0f9b49d",
                "reward": 2500.0
            },
            "5": {
                "name": "Maximiliamus Goricchi 5",
                "id": 1,
                "health": 0,
                "identifier": "e93964c849811982bcdeaa79a9600682f0f9b49d",
                "reward": 0
            },
            "6": {
                "name": "Maximiliamus Goricchi 6",
                "id": 1,
                "health": 200,
                "identifier": "e93964c849811982bcdeaa79a9600682f0f9b49d",
                "reward": 10200.0
            },
            "7": {
                "name": "Maximiliamus Goricchi 7",
                "id": 1,
                "health": 0,
                "identifier": "e93964c849811982bcdeaa79a9600682f0f9b49d",
                "reward": 0
            },
            "8": {
                "name": "Maximiliamus Goricchi 8",
                "id": 1,
                "health": 200,
                "identifier": "e93964c849811982bcdeaa79a9600682f0f9b49d",
                "reward": 2500.0
            }
        },
        "fee": 5000,
        "time_remaining": 823.0,
        "registered_count": 8
    },
    "rounds_count": 3,
    "active_fighters_count": 1,
    "id": 66,
    "info": {
        "round_delay": 3000.0,
        "organization_bet_percentage": 20,
        "organization_fee_percentage": 15,
        "round_counts": 3
    }
}